"","Gene_ID","PBS_1","PBS_2","PBS_3","PBS_4","PBS_5","PBS_6","CVB3_1","CVB3_2","CVB3_3","CVB3_4","CVB3_5","CVB3_6"
"Irf7","ENSMUSG00000025498",-2.0770325,-1.6227425,-1.6022025,-1.7014025,-1.9898925,-1.9300325,2.3960575,1.7107575,1.5799575,2.0461575,0.9842175,2.2061575
"Fcgr4","ENSMUSG00000059089",-1.34826416666667,-1.49648416666667,-1.65045416666667,-1.88950416666667,-1.74328416666667,-2.02478416666667,2.48700583333333,0.964535833333333,0.877905833333333,2.30390583333333,0.890345833333333,2.62907583333333
"Iigp1","ENSMUSG00000054072",-1.85735833333333,-1.05987833333333,-1.52927833333333,-1.78055833333333,-2.27763833333333,-1.63063833333333,2.77363166666667,1.46446166666667,1.67219166666667,1.72023166666667,0.843171666666667,1.66166166666667
"Ccl8","ENSMUSG00000009185",-1.83713833333333,-1.79021833333333,-1.33865833333333,-1.35969833333333,-1.53703833333333,-2.04681833333333,2.29021166666667,1.16579166666667,0.700841666666666,1.86886166666667,1.13385166666667,2.75001166666667
"Cfb","ENSMUSG00000090231",-1.46731083333333,-1.85741083333333,-1.71432083333333,-0.998810833333334,-1.78578083333333,-1.98188083333333,2.47225916666667,0.922369166666667,0.899909166666666,1.90671916666667,1.13729916666667,2.46695916666667
"Gm4841","ENSMUSG00000068606",-1.8237775,-1.1791875,-1.4466675,-1.8251875,-1.8325075,-1.6997275,2.4656025,1.0330725,1.1496725,1.7594725,0.9465525,2.4526825
"Irgm1","ENSMUSG00000046879",-1.678475,-1.217905,-1.590625,-1.679895,-2.151795,-1.336935,2.302765,1.341285,1.218245,1.754865,0.880005000000001,2.158465
"Cd72","ENSMUSG00000028459",-1.28501666666667,-1.41561666666667,-1.63650666666667,-1.69570666666667,-1.46466666666667,-1.58935666666667,2.09322333333333,0.883213333333332,0.817113333333333,1.74706333333333,1.05191333333333,2.49434333333333
"Ccr2","ENSMUSG00000049103",-1.4841875,-1.5981575,-1.4887375,-1.3983675,-1.6264175,-1.4054475,2.4352425,1.3211525,0.7029325,1.2140325,1.1328625,2.1950925
"Cd3g","ENSMUSG00000002033",-1.3916525,-1.2733825,-1.3992625,-1.3736525,-1.7883325,-1.6396125,2.1859775,1.2135875,0.1536575,1.8018675,1.6282775,1.8825275
"Ms4a4c","ENSMUSG00000024675",-1.572735,-1.245845,-1.288705,-1.405995,-1.317565,-1.776665,2.137815,0.644675,0.760785,1.966335,1.000255,2.097645
"Plac8","ENSMUSG00000029322",-1.14895916666667,-1.25694916666667,-1.74292916666667,-1.61569916666667,-1.20061916666667,-1.28193916666667,1.80245083333333,0.643110833333334,0.401170833333333,1.48046083333333,1.39692083333333,2.52298083333333
"Clec12a","ENSMUSG00000053063",-1.59055333333333,-1.29005333333333,-0.819443333333333,-1.46472333333333,-1.39592333333333,-1.49171333333333,2.21227666666667,0.855216666666666,0.776516666666667,1.52528666666667,0.693646666666667,1.98946666666667
"Cxcl9","ENSMUSG00000029417",-0.849869166666667,-1.28824916666667,-0.821589166666667,-1.44528916666667,-1.80983916666667,-1.52385916666667,2.62080083333333,0.773870833333334,0.864920833333334,1.37131083333333,0.393190833333334,1.71460083333333
"Ifit3","ENSMUSG00000074896",-1.57111083333333,-1.18848083333333,-1.35250083333333,-1.09929083333333,-1.23908083333333,-1.55772083333333,2.20361916666667,1.07131916666667,0.879979166666667,1.81880916666667,0.376669166666667,1.65778916666667
"Gbp3","ENSMUSG00000028268",-1.63189833333333,-0.776718333333333,-1.11090833333333,-1.41379833333333,-1.57093833333333,-1.46522833333333,2.24644166666667,1.11295166666667,1.02834166666667,1.34681166666667,0.543101666666667,1.69184166666667
"Ccr5","ENSMUSG00000079227",-1.19174,-1.23327,-1.41952,-1.16145,-1.63721,-1.26286,2.07167,0.847939999999999,0.62404,1.26196,0.95783,2.14261
"Cd52","ENSMUSG00000000682",-0.924789166666667,-1.07770916666667,-1.35441916666667,-1.62317916666667,-1.50981916666667,-1.29609916666667,1.90496083333333,0.939300833333333,0.603110833333333,1.40240083333333,0.993620833333333,1.94262083333333
"Ifit1","ENSMUSG00000034459",-1.56341166666667,-0.862881666666667,-1.12665166666667,-1.14413166666667,-1.68719166666667,-1.31758166666667,1.95131833333333,0.993238333333333,1.01272833333333,1.89481833333333,0.581288333333333,1.26845833333333
"Tnc","ENSMUSG00000028364",-1.24355666666667,-1.15981666666667,-1.06111666666667,-1.29083666666667,-1.28478666666667,-0.992946666666667,1.42455333333333,0.321643333333333,-0.000506666666667321,1.28715333333333,1.36295333333333,2.63726333333333
"Cxcl10","ENSMUSG00000034855",-1.36169916666667,-0.960889166666666,-1.13658916666667,-1.41406916666667,-1.30549916666667,-1.11533916666667,2.46907083333333,0.590560833333334,1.05796083333333,0.737270833333334,0.700920833333334,1.73830083333333
"Gbp2b","ENSMUSG00000040264",-1.1142475,-1.0018775,-1.1386775,-1.2220275,-1.6499975,-1.0675775,2.2255225,0.7320125,0.855622500000001,1.2351125,0.387292500000001,1.7588425
"Timp1","ENSMUSG00000001131",-1.10475333333333,-1.28840333333333,-1.16581333333333,-0.974623333333334,-1.06247333333333,-1.09957333333333,1.36112666666667,0.0351366666666664,-0.0219133333333339,1.23734666666667,1.55150666666667,2.53243666666667
"Asns","ENSMUSG00000029752",-0.8108325,-1.4684825,-1.2543825,-1.2114525,-1.3964025,-1.1898725,1.8946575,0.8754475,0.9928875,1.2032275,0.5166375,1.8485675
"Slfn4","ENSMUSG00000000204",-1.2914825,-1.1210425,-1.3499925,-0.9125825,-1.1873925,-1.2209725,1.7405675,0.6145575,0.3231775,1.3216775,1.0237675,2.0597175
"Mthfd2","ENSMUSG00000005667",-1.40592916666667,-1.18426916666667,-0.988119166666667,-0.853739166666667,-1.36903916666667,-1.31944916666667,2.04111083333333,1.13192083333333,1.06196083333333,0.996340833333334,0.268140833333333,1.62107083333333
"Psmb8","ENSMUSG00000024338",-1.07097583333333,-0.988755833333333,-1.01363583333333,-1.34308583333333,-1.37799583333333,-1.26935583333333,1.98011416666667,0.937664166666667,0.828104166666667,1.05950416666667,0.408104166666667,1.85031416666667
"Cybb","ENSMUSG00000015340",-1.23775833333333,-0.964928333333334,-1.20637833333333,-1.10628833333333,-1.23549833333333,-1.37307833333333,1.83398166666667,0.798761666666666,0.621261666666665,1.33250166666667,0.674141666666666,1.86328166666667
"Gzmb","ENSMUSG00000015437",-1.44102,-0.937720000000001,-1.03948,-1.06045,-1.0168,-1.06771,2.20865,0.777559999999999,0.58847,0.92789,0.352329999999999,1.70828
"Saa3","ENSMUSG00000040026",-0.799167499999999,-0.7688675,-0.688527499999999,-0.965107499999999,-0.9319975,-1.2157075,0.429202500000001,-0.3783775,-0.330367499999999,2.2002725,1.9795325,1.4691125
"Clec4a3","ENSMUSG00000043832",-1.48048083333333,-1.13864083333333,-1.05488083333333,-0.864030833333334,-0.915710833333334,-1.03199083333333,1.62338916666667,0.552389166666666,0.530219166666666,1.28888916666667,0.511369166666666,1.97947916666667
"Gm12185","ENSMUSG00000048852",-1.0487575,-1.0691275,-0.8764375,-0.9013975,-0.9478475,-0.8530275,2.8931925,0.792282500000001,0.6365625,0.580382500000001,-0.2368675,1.0310425
"Mpeg1","ENSMUSG00000046805",-0.938149999999999,-1.02358,-1.20938,-1.02662,-1.28705,-1.02947,1.74731,0.7681,0.4612,1.2118,0.4152,1.91064
"Phf11a","ENSMUSG00000044703",-1.05868583333333,-1.36130583333333,-1.12276583333333,-1.05677583333333,-0.730225833333333,-1.11681583333333,2.00312416666667,0.574144166666667,0.554324166666667,0.969874166666667,0.616444166666667,1.72866416666667
"Ms4a7","ENSMUSG00000024672",-1.12126416666667,-1.02103416666667,-1.07519416666667,-0.805974166666667,-1.07839416666667,-1.35060416666667,1.60310583333333,0.638195833333334,0.466435833333334,1.10578583333333,0.585405833333333,2.05353583333333
"Ifi44","ENSMUSG00000028037",-1.27204916666667,-0.651529166666667,-1.05369916666667,-1.08264916666667,-1.44040916666667,-1.11134916666667,1.76955083333333,0.809780833333333,0.865280833333333,1.38309083333333,0.508600833333333,1.27538083333333
"Cd274","ENSMUSG00000016496",-0.8994725,-0.8361425,-1.0441625,-0.8078325,-1.4284125,-1.1246025,2.1597775,0.5886275,0.5036875,1.3053575,0.1844775,1.3986975
"Zbp1","ENSMUSG00000027514",-1.1796625,-0.8935125,-1.2618425,-0.9141825,-0.9193725,-1.0765025,1.9647675,0.4572475,0.4273575,1.3038975,0.4805475,1.6112575
"Ptprc","ENSMUSG00000026395",-1.06859166666667,-1.10923166666667,-1.15942166666667,-0.871231666666667,-1.27883166666667,-0.967521666666666,1.73158833333333,0.695458333333334,0.453788333333333,1.13854833333333,0.850918333333333,1.58452833333333
"Clec4a1","ENSMUSG00000049037",-1.0180775,-1.0198875,-1.3114675,-0.711727499999999,-1.0252475,-1.1303475,1.6709125,0.4987025,0.366492500000001,1.4343125,0.5278125,1.7185225
"Ly86","ENSMUSG00000021423",-0.916388333333334,-1.02563833333333,-1.29074833333333,-0.791828333333334,-1.20902833333333,-1.10168833333333,1.54639166666667,0.665641666666666,0.420411666666666,1.31712166666667,0.696591666666666,1.68916166666667
"Ctss","ENSMUSG00000038642",-1.02092333333333,-1.13495333333333,-1.13730333333333,-0.876933333333334,-1.04109333333333,-1.03536333333333,1.62210666666667,0.544206666666666,0.589536666666667,1.23610666666667,0.613306666666666,1.64130666666667
"Slfn1","ENSMUSG00000078763",-0.790715,-0.903824999999999,-1.168805,-0.745464999999999,-1.143685,-1.215625,1.764225,0.373005,0.240685,1.612735,0.554285,1.423185
"Gzma","ENSMUSG00000023132",-0.721116666666666,-1.02961666666667,-0.836516666666666,-1.33932666666667,-1.10944666666667,-1.02426666666667,1.96505333333333,0.760333333333334,0.413493333333334,1.02212333333333,0.485023333333333,1.41426333333333
"Ifit3b","ENSMUSG00000062488",-0.73384,-0.481339999999999,-1.18026,-1.29268,-1.25725,-0.94572,2.00595,0.55325,0.52127,1.42961,0.298520000000001,1.08249
"Nkg7","ENSMUSG00000004612",-0.871494166666666,-1.05736416666667,-0.788184166666666,-0.859584166666667,-1.17596416666667,-1.11561416666667,1.90984583333333,0.548655833333333,0.298845833333333,1.30088583333333,0.283835833333334,1.52613583333333
"Ccl3","ENSMUSG00000000982",-0.778395,-1.011595,-0.738415,-1.059915,-1.198015,-1.169605,1.745885,0.454625,0.514945,0.751715,0.844515,1.644255
"Gimap3","ENSMUSG00000039264",-0.657194166666667,-0.873224166666667,-0.898784166666666,-1.01389416666667,-1.32306416666667,-1.09467416666667,1.74436583333333,0.691125833333333,0.200665833333334,1.30519583333333,0.621005833333333,1.29847583333333
"Adgre1","ENSMUSG00000004730",-0.896325000000001,-0.923305000000001,-1.068265,-0.927665,-0.941905,-1.140655,1.456765,0.526815,0.454985,1.312145,0.517255,1.630155
"Ifit2","ENSMUSG00000045932",-1.04829583333333,-0.703445833333333,-0.973955833333333,-0.848825833333334,-1.15971583333333,-0.980715833333334,1.90935416666667,0.722544166666666,0.561164166666667,1.13437416666667,0.101904166666666,1.28561416666667
"Gpr141","ENSMUSG00000053101",-0.654426666666667,-0.837886666666666,-0.741906666666666,-1.14127666666667,-0.785346666666666,-0.959436666666666,1.19500333333333,0.618313333333334,-0.106656666666666,1.71972333333333,-0.214916666666666,1.90881333333333
"Gbp8","ENSMUSG00000034438",-1.102965,-1.036205,-1.077505,-0.996835,-0.678275,-0.960145,1.962805,0.708045,0.643195,0.672855,0.632425,1.232605
"Tap1","ENSMUSG00000037321",-1.05090333333333,-0.743483333333334,-0.733173333333333,-0.978533333333333,-1.12308333333333,-1.19650333333333,1.82784666666667,0.754716666666667,0.634716666666666,1.04296666666667,0.299606666666667,1.26582666666667
"H2-Q4","ENSMUSG00000035929",-0.753754166666666,-0.463574166666667,-0.746744166666667,-1.13292416666667,-1.37818416666667,-1.18118416666667,1.57368583333333,0.758205833333333,0.622505833333333,0.970745833333334,0.298705833333333,1.43251583333333
"Ms4a4b","ENSMUSG00000056290",-1.112175,-1.076475,-0.942545,-0.651735,-0.699935,-0.954645,1.801275,0.872495,0.190225,1.077945,0.0956250000000001,1.399945
"Itgb2","ENSMUSG00000000290",-1.00957416666667,-1.02245416666667,-0.948864166666667,-0.777184166666667,-0.888214166666667,-0.974244166666667,1.59287583333333,0.472165833333333,0.247265833333333,1.06223583333333,0.657755833333334,1.58823583333333
"Gbp4","ENSMUSG00000079363",-1.159505,-0.636125,-0.711335,-1.306965,-1.107415,-0.622235,1.760125,0.588075,0.519125000000001,0.922605000000001,0.423495000000001,1.330155
"Pld4","ENSMUSG00000052160",-0.817961666666666,-0.741451666666666,-0.909651666666666,-0.777181666666666,-1.23805166666667,-1.15648166666667,1.46971833333333,0.686198333333334,0.344648333333334,1.10424833333333,0.579668333333333,1.45629833333333
"Cd53","ENSMUSG00000040747",-0.887574166666666,-0.994804166666666,-1.10254416666667,-0.533944166666666,-0.912304166666666,-1.08232416666667,1.42092583333333,0.590235833333335,0.159985833333334,1.20241583333334,0.709885833333335,1.43004583333333
"H2-Ab1","ENSMUSG00000073421",-0.830579166666666,-1.06637916666667,-1.24961916666667,-0.906939166666666,-0.694489166666665,-0.773969166666665,1.64172083333333,0.534150833333333,0.528470833333333,0.706820833333333,0.613890833333334,1.49692083333333
"Itgam","ENSMUSG00000030786",-0.89938,-0.68705,-1.03918,-0.79096,-0.71222,-1.26514,1.25082,0.24904,0.18522,1.27425,0.87149,1.56311
"Aif1","ENSMUSG00000024397",-0.880155,-0.920725,-1.362995,-0.705615000000001,-0.772675,-0.727975000000001,1.819915,0.467314999999999,0.287064999999999,0.860265,0.614675,1.320905
"Fpr1","ENSMUSG00000045551",-0.723846666666667,-1.20816666666667,-0.582586666666667,-0.941406666666667,-0.924326666666667,-1.15748666666667,1.34973333333333,0.468173333333334,0.684803333333333,1.20064333333333,0.488753333333333,1.34571333333333
"Lair1","ENSMUSG00000055541",-0.735684166666667,-0.934614166666667,-0.692174166666667,-0.846634166666667,-0.920334166666667,-0.989184166666667,1.56995583333333,0.486065833333333,0.112675833333333,0.869085833333333,0.257725833333333,1.82311583333333
"Gpr65","ENSMUSG00000021886",-1.0872925,-1.0045825,-0.7235125,-0.5996225,-0.811152499999999,-1.0925325,1.3252775,0.6453675,0.2675475,1.1638075,0.2954175,1.6212775
"Cd180","ENSMUSG00000021624",-0.938633333333333,-1.07681333333333,-0.814273333333333,-0.824573333333333,-0.812313333333333,-0.933463333333333,1.48493666666667,0.593616666666667,0.228536666666667,0.671686666666667,0.860496666666667,1.56079666666667
"Coro1a","ENSMUSG00000030707",-1.10421583333333,-0.936965833333334,-0.843485833333333,-0.822225833333333,-0.892355833333333,-0.893345833333333,1.39392416666667,0.573604166666667,0.371924166666667,0.888084166666666,0.788964166666667,1.47609416666667
"Vav1","ENSMUSG00000034116",-0.918675833333333,-0.927465833333333,-0.934095833333333,-0.748505833333333,-0.604435833333333,-1.03147583333333,1.47611416666667,0.214784166666667,0.134704166666667,1.05132416666667,0.697644166666667,1.59008416666667
"Tlr13","ENSMUSG00000033777",-0.953367500000001,-0.522717500000001,-1.1220375,-0.0826275000000001,-0.6379475,-1.3968475,1.4442925,0.2572625,0.118352499999999,1.1349225,0.152632499999999,1.6080825
"Slamf7","ENSMUSG00000038179",-0.681055833333334,-0.720195833333333,-1.07617583333333,-0.748445833333333,-0.951905833333334,-0.643515833333334,1.65174416666667,0.0888641666666663,0.179154166666667,1.15365416666667,0.147164166666666,1.60071416666667
"Ddit3","ENSMUSG00000025408",-1.060945,-1.005655,-0.711645,-0.914875,-1.025125,-0.611475,1.475435,0.710305000000001,0.557194999999999,0.767385,0.458215,1.361185
"Psmb9","ENSMUSG00000096727",-0.930348333333334,-0.668408333333334,-0.905218333333334,-0.829968333333333,-0.981888333333334,-0.862508333333333,1.76520166666667,0.694501666666666,0.724561666666666,0.695971666666667,0.134521666666666,1.16358166666667
"Apobec1","ENSMUSG00000040613",-0.8877125,-0.772302499999999,-1.0248725,-0.6010525,-0.5169225,-1.2645825,1.3718475,0.3800375,0.2672975,1.0361575,0.4622575,1.5498475
"Dpep2","ENSMUSG00000053687",-1.09806,-0.807160000000001,-0.56672,-0.51912,-0.719440000000001,-1.1069,0.97872,0.3156,0.10507,1.47465,0.27409,1.66927
"H2-Aa","ENSMUSG00000036594",-0.777924166666667,-0.969374166666667,-1.18775416666667,-0.735874166666667,-0.802944166666666,-0.740774166666666,1.36843583333333,0.749035833333332,0.463405833333333,0.683775833333334,0.520555833333333,1.42943583333333
"Pik3ap1","ENSMUSG00000025017",-0.861055833333333,-0.809095833333333,-1.03506583333333,-0.790735833333334,-0.866065833333333,-0.811115833333333,1.46067416666667,0.633824166666667,0.376924166666667,0.753264166666667,0.516074166666667,1.43237416666667
"Gm28177","ENSMUSG00000101628",-0.828108333333333,-0.696138333333334,-0.902598333333333,-0.783638333333333,-1.02556833333333,-0.990668333333333,1.53685166666667,0.803591666666668,0.847961666666667,0.779341666666667,0.301131666666667,0.957841666666667
"Usp18","ENSMUSG00000030107",-0.978448333333334,-0.540328333333333,-0.791038333333334,-0.870628333333333,-1.15447833333333,-0.867638333333334,1.45200166666667,0.668961666666666,0.663921666666667,0.903861666666667,0.446331666666667,1.06748166666667
"Ifi44l","ENSMUSG00000039146",-1.09020083333333,-0.597650833333334,-0.670280833333334,-0.416820833333333,-0.852970833333334,-1.26728083333333,1.36607916666667,0.601439166666666,0.154719166666666,0.973439166666666,0.375379166666667,1.42414916666667
"Fcer1g","ENSMUSG00000058715",-0.797205000000001,-0.809585,-0.957965000000001,-0.518835,-0.953055000000001,-0.925905,1.363765,0.408574999999999,0.236535,1.193685,0.389745,1.370245
"Atp8b4","ENSMUSG00000060131",-0.878788333333334,-0.729208333333333,-0.738418333333334,-1.14947833333333,-0.565778333333333,-0.809798333333333,1.21684166666667,0.622771666666667,0.031131666666667,1.07339166666667,0.384741666666667,1.54259166666667
"H2-Q5","ENSMUSG00000055413",-0.85955,-0.716429999999999,-0.949999999999999,-1.2011,-0.79259,-0.652559999999999,1.22046,0.51905,0.79782,0.779100000000001,0.59665,1.25915
"C3ar1","ENSMUSG00000040552",-0.776167499999999,-0.768697499999999,-0.777177499999999,-0.760847499999999,-0.8781075,-0.9926675,1.2589725,0.4043025,0.259002500000001,0.9579725,0.508072500000001,1.5653425
"Jchain","ENSMUSG00000067149",-0.574924166666666,-0.774804166666667,-0.414914166666667,-0.525034166666666,-0.685774166666667,-0.917834166666666,0.814815833333333,-0.083734166666666,-0.362704166666666,0.0793558333333335,1.98070583333333,1.46484583333333
"Lck","ENSMUSG00000000409",-1.0041025,-0.6748525,-1.1912025,-0.5854925,-0.7947625,-0.4729425,0.9208875,0.0983074999999998,0.0157974999999997,1.2549275,1.3215675,1.1118675
"H2-Eb1","ENSMUSG00000060586",-0.633850833333334,-0.910000833333335,-1.15925083333333,-0.834000833333334,-0.772220833333334,-0.678380833333334,1.36609916666667,0.704819166666667,0.438059166666665,0.674549166666665,0.428279166666666,1.37589916666667
"Cxcr6","ENSMUSG00000048521",-0.811638333333334,-0.741638333333333,-0.989768333333334,-0.776638333333334,-0.618798333333333,-0.394378333333334,1.59951166666667,0.364721666666666,0.0302716666666667,0.536691666666666,0.0706316666666664,1.73103166666667
"Psmb10","ENSMUSG00000031897",-0.945475833333333,-0.710875833333333,-0.867665833333334,-0.830395833333332,-0.763675833333332,-0.801215833333334,1.47170416666667,0.463994166666668,0.496064166666667,0.812254166666667,0.315884166666667,1.35940416666667
"Ms4a6d","ENSMUSG00000024679",-0.909720833333334,-0.772790833333334,-0.814860833333334,-0.734400833333334,-0.747070833333334,-0.897700833333334,1.17856916666667,0.324439166666666,0.233499166666666,1.16541916666667,0.525709166666665,1.44890916666667
"Rac2","ENSMUSG00000033220",-0.83462,-0.98777,-0.97456,-0.71025,-0.90826,-0.45295,1.49902,0.47828,0.22214,1.01276,0.53524,1.12097
"Ccl12","ENSMUSG00000035352",-0.905067499999999,-0.5170175,-0.996637499999999,-0.648667499999999,-0.9800175,-0.7075175,1.2644225,0.2259225,0.1921825,0.656232500000001,0.8534825,1.5626825
"Dock2","ENSMUSG00000020143",-0.56595,-0.57888,-1.11047,-0.59387,-0.94692,-1.04035,1.34436,0.54501,0.224460000000001,0.96668,0.51677,1.23916
"Cd74","ENSMUSG00000024610",-0.788046666666666,-0.888236666666668,-1.11263666666667,-0.832636666666668,-0.649026666666668,-0.645616666666667,1.27794333333333,0.717943333333332,0.357503333333334,0.715443333333333,0.457723333333334,1.38964333333333
"Stap1","ENSMUSG00000029254",-0.711730833333334,-0.655370833333334,-0.894630833333334,-0.532670833333334,-0.818040833333334,-0.984900833333334,1.35444916666667,0.221709166666666,0.0421591666666661,0.621149166666666,0.784719166666666,1.57315916666667
"Milr1","ENSMUSG00000040528",-0.934855,-0.541895,-0.790495,-0.753825,-0.773135,-0.924055,1.232655,0.242265,0.186285,0.990394999999999,0.575835,1.490825
"Lcp1","ENSMUSG00000021998",-0.921805833333333,-0.536125833333333,-0.982895833333333,-0.655465833333333,-0.867085833333333,-0.856225833333333,1.40905416666667,0.554704166666667,0.258664166666666,0.747204166666666,0.561634166666666,1.28834416666667
"Lox","ENSMUSG00000024529",-0.464276666666667,-0.789526666666667,-0.785206666666666,-0.148306666666667,-0.658606666666667,-0.806006666666667,0.513113333333333,-0.0612766666666671,-0.459806666666667,1.11741333333333,0.438673333333333,2.10381333333333
"Lgals3bp","ENSMUSG00000033880",-0.700125833333333,-0.502545833333333,-0.601605833333332,-0.824075833333334,-1.05345583333333,-1.22865583333333,1.19649416666667,0.637994166666667,0.541694166666668,0.895294166666666,0.538694166666668,1.10029416666667
"Tlr1","ENSMUSG00000044827",-1.18694,-0.73394,-0.5689,-0.61016,-0.68822,-0.73007,1.34694,0.31139,0.13875,0.4363,0.69103,1.59382
"Themis","ENSMUSG00000049109",-0.435319166666667,-0.623619166666667,-0.739029166666667,-0.874679166666667,-0.846369166666667,-0.547229166666667,0.811840833333333,0.190670833333333,-0.306699166666667,1.49675083333333,1.66957083333333,0.204110833333333
"Mx2","ENSMUSG00000023341",-1.08959333333333,-0.498533333333333,-0.706053333333333,-1.02266333333333,-0.892103333333333,-0.249903333333333,1.62780666666667,0.508276666666667,0.695626666666668,0.830066666666667,-0.0797933333333329,0.876866666666667
"Serpina3n","ENSMUSG00000021091",-0.661224166666667,-0.960954166666667,-0.726834166666666,-0.168324166666666,-0.189164166666666,-0.806884166666666,0.242105833333333,-0.434094166666666,-0.322394166666667,1.60765583333333,0.962655833333333,1.45745583333333
"Lcp2","ENSMUSG00000002699",-0.859424166666667,-0.946044166666667,-0.890344166666666,-0.589554166666667,-0.877444166666667,-0.466614166666666,1.30278583333333,0.351685833333334,0.152065833333333,0.823175833333334,0.609315833333334,1.39039583333333
"Gbp7","ENSMUSG00000040253",-0.849165833333333,-0.397815833333333,-0.556195833333334,-0.811565833333334,-1.17061583333333,-0.708655833333333,1.72778416666667,0.592334166666667,0.372054166666667,0.733174166666666,0.157174166666666,0.911494166666667
"Gbp11","ENSMUSG00000092021",-0.955388333333333,-0.857638333333333,-0.915058333333333,-0.794428333333333,-0.517948333333333,-0.701288333333333,1.49392166666667,0.399061666666667,0.700261666666667,0.959081666666667,0.306421666666667,0.883001666666667
"Ch25h","ENSMUSG00000050370",-0.702383333333333,-0.681013333333333,-0.520493333333333,-0.938763333333333,-0.542113333333333,-0.380153333333333,1.33840666666667,-0.319143333333333,0.106846666666667,0.217096666666667,0.463996666666667,1.95771666666667
"Mx1","ENSMUSG00000000386",-0.662045833333333,-0.844025833333333,-0.902265833333333,-0.731445833333333,-0.500215833333333,-0.549405833333333,1.61548416666667,0.180684166666667,0.366614166666666,0.354744166666666,0.0662041666666671,1.60567416666667
"Pirb","ENSMUSG00000058818",-0.7373275,-0.8915375,-0.9500775,-0.2910275,-0.9726175,-0.5690175,1.0253325,0.2155825,0.0320724999999999,1.1068825,0.5122325,1.5195025
"Gatm","ENSMUSG00000027199",-0.823009166666666,-0.593689166666667,-0.635969166666666,-0.614039166666666,-0.955259166666666,-0.959759166666666,1.31325083333333,0.327320833333333,0.241480833333334,0.819120833333335,0.438120833333334,1.44243083333333
"Slamf9","ENSMUSG00000026548",-0.777975833333333,-0.756595833333333,-1.08239583333333,-0.493825833333333,-0.673655833333333,-0.875035833333333,1.42027416666667,0.511424166666667,0.392484166666667,1.06920416666667,0.272064166666667,0.994034166666667
"Plek","ENSMUSG00000020120",-1.1448375,-0.6164075,-0.7459075,-0.4725275,-0.7329075,-0.7395175,1.1948525,0.3668325,0.1628725,0.910552500000001,0.2921825,1.5248125
"Atf3","ENSMUSG00000026628",-0.681783333333333,-0.807413333333333,-0.779183333333333,-0.428453333333333,-0.968753333333333,0.168046666666667,1.16742666666667,0.0843066666666674,-0.254973333333333,0.547156666666667,0.026016666666667,1.92760666666667
"Cd300c2","ENSMUSG00000044811",-0.7909825,-0.7344925,-0.7942225,-0.5764625,-0.7622725,-0.8360825,1.3821175,0.4053275,0.4150175,0.6850675,0.1744775,1.4325075
"Selplg","ENSMUSG00000048163",-0.730179166666667,-0.852259166666667,-0.839299166666667,-0.428049166666667,-0.863889166666667,-0.819699166666667,1.28939083333333,0.467740833333333,0.178280833333333,0.833040833333333,0.416940833333333,1.34798083333333
"C4b","ENSMUSG00000073418",-0.7183025,-0.9857525,-0.8069025,-0.2511725,-0.6323825,-1.0378725,0.8289975,0.1397875,0.1713575,1.1972275,0.8447675,1.2502475
"Cd84","ENSMUSG00000038147",-0.9508575,-0.5241275,-0.655607499999999,-0.6181275,-0.9262175,-0.871807499999999,1.0522925,0.4221325,0.248812500000001,1.0162025,0.4034525,1.4038525
"Themis2","ENSMUSG00000037731",-0.856756666666667,-0.845016666666666,-0.597816666666667,-0.921376666666666,-0.753976666666667,-0.485916666666666,1.41810333333333,0.232483333333334,0.228033333333333,0.799573333333334,0.521543333333334,1.26112333333333
"Il2rb","ENSMUSG00000068227",-0.557704166666666,-0.503584166666666,-0.790894166666666,-0.821234166666666,-0.987044166666666,-0.704764166666666,1.51240583333333,0.591245833333334,0.0638258333333335,0.996515833333333,0.162495833333334,1.03873583333333
"Cyth4","ENSMUSG00000018008",-0.790625,-0.785785000000001,-0.720195,-0.619085,-0.815525,-0.784095,1.209105,0.329325,0.123595,0.795235,0.633255,1.424795
"Ms4a6b","ENSMUSG00000024677",-0.741953333333334,-0.626283333333333,-0.942413333333334,-0.519813333333333,-0.508473333333334,-1.03784333333333,1.18655666666667,0.443906666666667,0.131596666666667,1.15132666666667,0.244466666666666,1.21892666666667
"Il7r","ENSMUSG00000003882",-0.5335225,-0.5836925,-0.9033125,-0.3125025,-0.6530825,-1.1215925,1.2466875,0.2810575,-0.00583250000000035,1.2374575,0.1516075,1.1967275
"Cd48","ENSMUSG00000015355",-0.85427,-0.75397,-0.53819,-0.463,-0.50949,-1.1496,1.38514,0.48152,0.0962399999999999,0.89506,0.20789,1.20267
"Laptm5","ENSMUSG00000028581",-0.754251666666667,-0.730921666666667,-0.626941666666667,-0.573821666666666,-0.849571666666666,-0.985111666666667,1.22307833333333,0.482588333333334,0.185848333333334,0.801978333333334,0.574448333333333,1.25267833333333
"Nckap1l","ENSMUSG00000022488",-0.62959,-0.64727,-0.81372,-0.5896,-0.86835,-0.90102,1.1346,0.48219,0.12683,0.92095,0.47666,1.30832
"Clec4e","ENSMUSG00000030142",-0.640688333333333,-0.837748333333333,-0.564668333333334,-0.503908333333333,-0.472738333333333,-0.632028333333333,1.49959166666667,0.0967916666666664,-0.293968333333333,0.719621666666667,0.107551666666667,1.52219166666667
"Sla","ENSMUSG00000022372",-0.501133333333334,-0.756223333333334,-1.00268333333333,-0.449263333333334,-0.474113333333333,-0.850583333333334,0.751336666666666,0.251386666666666,0.0239366666666667,1.45604666666667,0.273446666666667,1.27784666666667
"Arhgap15","ENSMUSG00000049744",-0.5257775,-0.6458375,-0.676717500000001,-0.5693575,-1.0038175,-0.8803175,1.1787825,0.4110925,0.0685725000000001,0.9807025,0.4882825,1.1743925
"Hck","ENSMUSG00000003283",-0.9230175,-0.6983675,-0.7693975,-0.5304675,-0.620247500000001,-0.6701075,1.2290925,0.192862499999999,0.1838225,0.9260825,0.3630925,1.3166525
"Ifi202b","ENSMUSG00000026535",-0.514079166666667,-0.605759166666667,-1.03342916666667,-0.675669166666667,-0.753729166666667,-0.631019166666666,1.15976083333333,0.165390833333333,0.303230833333333,0.848720833333333,0.407820833333333,1.32876083333333
"Ncf4","ENSMUSG00000071715",-0.815296666666666,-0.843936666666666,-0.899096666666666,-0.516486666666666,-0.560796666666667,-0.612516666666666,1.13309333333333,0.349393333333333,0.239023333333334,0.583013333333334,0.532993333333334,1.41061333333333
"Myo1f","ENSMUSG00000024300",-0.693414166666667,-0.706264166666666,-0.770634166666667,-0.382584166666667,-0.734784166666667,-0.916394166666667,1.20523583333333,0.439905833333333,0.223395833333334,0.578905833333334,0.372065833333334,1.38456583333333
"Cd2","ENSMUSG00000027863",-0.5749825,-0.6773425,-0.937212499999999,-0.651622499999999,-0.521482499999999,-0.6889325,1.1729675,0.3862575,-0.2808125,0.7810975,0.766917500000001,1.2251475
"Xaf1","ENSMUSG00000040483",-0.726055833333334,-0.507915833333334,-0.598135833333334,-0.630855833333333,-0.955585833333333,-0.810075833333333,1.29035416666667,0.544344166666667,0.355634166666666,1.07235416666667,0.0920341666666662,0.873904166666667
"Tyrobp","ENSMUSG00000030579",-0.812676666666666,-0.858016666666667,-0.779836666666666,-0.644266666666667,-0.569866666666667,-0.524636666666667,1.16483333333333,0.309083333333334,0.140253333333334,0.636493333333333,0.573513333333334,1.36512333333333
"Sh2d1b1","ENSMUSG00000102418",-0.469021666666666,-1.28599166666667,-0.534891666666666,-0.423861666666666,-0.593461666666666,-0.779641666666667,1.13031833333333,0.470608333333334,0.272968333333334,0.531398333333334,0.346188333333334,1.33538833333333
"Cd8a","ENSMUSG00000053977",-0.584928333333333,-0.562458333333333,-0.515928333333333,-0.737068333333333,-0.627548333333333,-0.525028333333333,0.584381666666666,0.0400516666666668,-0.176588333333333,1.02727166666667,1.85201166666667,0.225831666666667
"Glipr1","ENSMUSG00000056888",-0.457705000000001,-0.583265,-0.921225000000001,-0.752895000000001,-0.733875,-0.692785000000001,1.329495,0.487145,0.277075,0.606915,0.187024999999999,1.254095
"Aldh1a2","ENSMUSG00000013584",-0.564991666666667,-0.667091666666667,-0.832561666666667,-0.388161666666667,-0.769901666666667,-0.581251666666667,0.650488333333333,0.126278333333333,-0.105441666666668,0.420508333333333,1.09308833333333,1.61903833333333
"Slfn2","ENSMUSG00000072620",-0.540480833333334,-0.515910833333334,-0.503470833333334,-0.584350833333334,-1.09986083333333,-0.852500833333334,1.19386916666667,0.315939166666666,0.239849166666667,0.916449166666667,0.258309166666666,1.17215916666667
"Ms4a6c","ENSMUSG00000079419",-0.672247500000001,-0.716577500000001,-0.8659675,-0.3564775,-0.502247500000001,-0.995027500000001,1.0209525,0.348912499999999,0.193002499999999,1.1410325,0.2722725,1.1323725
"C3","ENSMUSG00000024164",-0.11201,-0.91694,-0.68127,-0.323409999999999,-0.89452,-1.17489,0.89419,0.49469,0.19219,0.70889,0.71889,1.09419
"Itga4","ENSMUSG00000027009",-0.675695833333333,-0.823725833333333,-0.599835833333334,-0.662485833333333,-0.723225833333333,-0.684895833333333,1.33612416666667,0.639484166666667,0.208074166666667,0.583904166666667,0.267344166666667,1.13493416666667
"Oas3","ENSMUSG00000032661",-0.8528625,-0.6671125,-0.6501525,-0.744922499999999,-0.523242499999999,-0.7557725,1.2953475,0.3017775,0.2836375,0.8934675,0.3908275,1.0290075
"Slc11a1","ENSMUSG00000026177",-0.5796375,-0.8156575,-0.8130675,-0.4449475,-0.6184375,-0.7107475,1.0703225,0.207572499999999,0.1804125,0.9829325,0.2197525,1.3215025
"Gm49339","ENSMUSG00000062593",-0.896696666666666,-0.569926666666666,-0.845956666666666,-0.389996666666666,-0.862766666666666,-0.428156666666666,1.04435333333333,0.119443333333334,0.212003333333334,1.00280333333333,0.401173333333334,1.21372333333333
"Cytip","ENSMUSG00000026832",-0.4808675,-1.1135375,-0.9413775,-0.5751275,-0.2560075,-0.3830075,1.2494425,0.3076825,-0.1952375,0.7406125,0.4995825,1.1478425
"Spp1","ENSMUSG00000029304",-0.8487125,-0.9287225,-0.4139525,0.2157175,-0.7761425,-0.5901525,0.4811075,-0.1473425,0.0156274999999999,0.563757499999999,0.7631675,1.6656475
"Wfdc17","ENSMUSG00000069792",-0.612810833333333,-0.444770833333333,-0.518040833333333,-0.0678108333333327,-1.08081083333333,-0.870170833333333,1.28395916666667,0.358229166666667,-0.300950833333333,0.968089166666666,0.274159166666667,1.01092916666667
"Trim30d","ENSMUSG00000057596",-0.628418333333334,-0.372038333333334,-0.507408333333334,-0.561808333333333,-0.810828333333334,-0.452408333333334,1.74333166666667,-0.341948333333334,-0.0163783333333338,0.461791666666667,0.405921666666666,1.08019166666667
"Sell","ENSMUSG00000026581",-0.312265833333333,-0.770145833333333,-0.566055833333333,-0.802525833333333,-0.615535833333333,-0.734785833333333,1.17358416666667,-0.0869458333333331,-0.054805833333333,1.03134416666667,0.712114166666667,1.02602416666667
"Tlr7","ENSMUSG00000044583",-0.446861666666666,-0.349511666666666,-0.712851666666666,-0.394011666666666,-0.440091666666667,-1.24350166666667,0.967048333333334,0.408108333333334,-0.135291666666666,1.27092833333333,0.0321783333333343,1.04385833333333
"Phf11d","ENSMUSG00000068245",-0.846655,-0.430055,-0.708825,-0.763145,-0.807365,-0.470635,1.284845,0.235695,0.490905,0.642495,0.265525,1.107215
"Ccl7","ENSMUSG00000035373",-0.848945833333334,-0.567675833333333,-0.808705833333333,-0.483705833333334,-0.497935833333333,-0.358095833333334,1.00619416666667,-0.0302158333333331,0.0760041666666664,0.153034166666667,0.774994166666667,1.58505416666667
"Hpse","ENSMUSG00000035273",-0.8743325,-0.4940925,-0.6128125,-0.383532499999999,-0.5990525,-0.7694525,1.2972275,0.1159375,0.1046975,0.652267500000001,0.230767500000001,1.3323775
"Ccl2","ENSMUSG00000035385",-0.594965,-0.902515,-0.541115,-0.694945,-0.550695,0.0314449999999997,1.024555,-0.0794350000000001,0.320654999999999,-0.152575,0.492065,1.647525
"Gm5150","ENSMUSG00000078780",-0.621468333333334,-0.126658333333333,-0.553268333333333,-0.986978333333334,-0.964038333333333,-0.403788333333334,1.21919166666667,0.0542216666666668,-0.0531783333333333,0.855781666666666,0.557691666666666,1.02249166666667
"P2ry10","ENSMUSG00000050921",-0.800890833333333,-0.312350833333333,-0.400260833333333,-0.761320833333333,-0.810990833333333,-0.647170833333333,1.15020916666667,0.474249166666667,-0.346840833333333,0.616919166666667,0.910679166666667,0.927769166666667
"Lpxn","ENSMUSG00000024696",-0.82006,-0.49912,-0.34864,-0.70363,-0.779129999999999,-0.70383,1.13192,0.34424,0.0687100000000003,0.745620000000001,0.302650000000001,1.26127
"Bst2","ENSMUSG00000046718",-0.71958,-0.87773,-0.57763,-0.66548,-0.62625,-0.55232,1.21381,0.373670000000001,0.348470000000001,0.737640000000001,0.28595,1.05945
"Slfn8","ENSMUSG00000035208",-0.811669166666666,-0.397049166666666,-0.778389166666666,-0.644469166666666,-0.644869166666666,-0.643179166666666,1.21731083333333,0.306620833333334,0.333200833333334,0.628430833333334,0.246200833333334,1.18786083333333
"Cilp","ENSMUSG00000042254",-0.736166666666667,-0.663146666666667,-0.560666666666667,-0.369046666666667,-0.556966666666667,-0.455276666666667,1.04687333333333,0.159873333333334,-0.252756666666667,0.592883333333333,0.184793333333333,1.60960333333333
"Igsf6","ENSMUSG00000035004",-0.525845833333333,-0.593465833333333,-0.710325833333333,-0.532915833333334,-0.380605833333333,-0.809145833333334,1.26283416666667,0.0837241666666664,-0.136935833333333,0.940604166666667,0.260134166666666,1.14194416666667
"Rtp4","ENSMUSG00000033355",-0.843545833333334,-0.267245833333334,-0.563705833333334,-0.588815833333333,-1.06448583333333,-0.483265833333333,1.32113416666667,0.271664166666667,0.420914166666667,0.735254166666667,0.232934166666667,0.829164166666666
"Cxcl16","ENSMUSG00000018920",-0.814656666666667,-0.658826666666666,-0.546236666666666,-0.510266666666666,-0.626826666666666,-0.627446666666667,1.18807333333333,0.343063333333333,0.217183333333334,0.520843333333334,0.198883333333334,1.31621333333333
"Fcgr2b","ENSMUSG00000026656",-0.6130175,-0.7552575,-0.731297499999999,-0.5163875,-0.6637175,-0.503797499999999,0.987082500000001,0.2227825,0.0818825000000007,0.9731625,0.2673625,1.2512025
"Ddx60","ENSMUSG00000037921",-0.616356666666667,-0.503196666666667,-0.675696666666667,-0.509656666666667,-1.00661666666667,-0.660516666666667,1.22970333333333,0.623563333333333,0.375933333333333,0.831933333333333,0.225593333333333,0.685313333333333
"Acp5","ENSMUSG00000001348",0.232264166666667,-1.03191583333333,-0.699145833333334,-0.596585833333333,-0.658995833333333,-0.830355833333333,0.657334166666667,0.226344166666667,-0.00669583333333357,0.854884166666666,0.825434166666667,1.02743416666667
"Ifi27l2a","ENSMUSG00000079017",-0.4206325,-0.4124825,-0.3356625,-0.750242500000001,-0.8364925,-1.0835525,0.7705375,0.174777499999999,0.2695075,0.565887500000001,1.0763475,0.9820075
"Cd68","ENSMUSG00000018774",-0.732193333333334,-0.442093333333334,-0.688083333333334,-0.415813333333333,-0.714203333333334,-0.789303333333334,0.962376666666666,0.124766666666666,0.117526666666667,0.813466666666667,0.463096666666667,1.30045666666667
"Psat1","ENSMUSG00000024640",-0.64194,-0.64185,-0.48872,-0.552429999999999,-0.47425,-0.95323,0.87513,0.0229800000000004,0.277990000000001,0.652030000000001,0.50954,1.41475
"Clec9a","ENSMUSG00000046080",-0.697965,-0.564175,-0.675505,-0.406215,-0.389175,-0.627245,1.345575,0.922495,-0.0276949999999996,0.183185,-0.210765,1.147485
"Gimap7","ENSMUSG00000043931",-0.712008333333333,-0.570178333333333,-0.639438333333334,-0.234358333333334,-0.490888333333333,-0.692448333333334,1.02044166666667,0.454861666666667,-0.310538333333334,0.305891666666667,0.299111666666667,1.56955166666667
"Unc93b1","ENSMUSG00000036908",-0.603979166666667,-0.636649166666666,-0.647139166666666,-0.537849166666667,-0.680199166666666,-0.764309166666667,1.08959083333333,0.315860833333334,0.218350833333334,0.779210833333334,0.278780833333334,1.18833083333333
"Sh3bgrl","ENSMUSG00000031246",-0.683009166666666,-0.381639166666666,-0.495009166666668,-0.126089166666667,-0.654659166666667,-0.873749166666666,1.31082083333333,0.116640833333332,-0.0075691666666664,0.381930833333332,0.0401308333333343,1.37220083333333
"Il10ra","ENSMUSG00000032089",-0.604375833333333,-0.744115833333334,-0.509515833333333,-0.674505833333334,-0.580925833333334,-0.695875833333333,1.20985416666667,0.458174166666667,0.142864166666667,0.683304166666667,0.250874166666667,1.06424416666667
"Myc","ENSMUSG00000022346",-0.395013333333333,-0.570433333333333,-0.390463333333333,-0.487273333333333,-0.651713333333333,-0.689933333333333,1.03395666666667,0.199246666666667,-0.236713333333333,1.11381666666667,-0.187183333333333,1.26170666666667
"Msr1","ENSMUSG00000025044",-0.632,-0.77997,-1.09824,-0.24473,-0.44597,-0.386839999999999,0.90137,0.0964600000000004,0.15176,0.40412,0.787780000000001,1.24626
"Parp14","ENSMUSG00000034422",-0.801689166666668,-0.435059166666667,-0.593849166666668,-0.535959166666667,-0.761209166666667,-0.560809166666667,1.44670083333333,0.443830833333333,0.330420833333333,0.525280833333333,0.0788708333333332,0.863470833333333
"Stat4","ENSMUSG00000062939",-0.535825,-0.573035,-0.532225,-0.559115,-0.459385,-0.615175,1.107065,0.139145,-0.101145,0.438155,0.120685,1.570855
"Wdfy4","ENSMUSG00000051506",-0.848586666666667,-0.392746666666667,-0.602356666666667,-0.448326666666667,-0.732026666666667,-0.711406666666667,1.14184333333333,0.511103333333333,0.230723333333333,0.345193333333333,0.370593333333333,1.13599333333333
"Bin2","ENSMUSG00000098112",-0.521103333333333,-0.715463333333333,-0.538043333333333,-0.613553333333333,-0.796183333333333,-0.591793333333333,0.994786666666667,0.572016666666666,0.0423566666666666,0.349446666666667,0.683526666666666,1.13400666666667
"Ctsc","ENSMUSG00000030560",-0.551981666666666,-0.546001666666667,-0.622661666666668,-0.624141666666667,-0.866491666666667,-0.561371666666666,1.14769833333333,0.457858333333334,0.253208333333333,0.299658333333333,0.505728333333334,1.10849833333333
"Trim30a","ENSMUSG00000030921",-0.644418333333333,-0.297388333333333,-0.567658333333333,-0.724078333333333,-0.765208333333333,-0.636918333333333,1.38665166666667,0.382861666666668,0.139181666666667,0.684601666666667,0.235221666666667,0.807151666666667
"Clec5a","ENSMUSG00000029915",-0.705765833333333,-0.488655833333333,-0.304895833333333,-0.367845833333333,-0.728155833333333,-0.742225833333333,0.908064166666667,-0.164385833333333,0.0719341666666669,0.766664166666667,0.362744166666667,1.39252416666667
"Samhd1","ENSMUSG00000027639",-0.497310000000001,-0.541,-0.637280000000001,-0.58568,-0.772259999999999,-0.685499999999999,1.20991,0.417210000000001,0.202450000000001,0.743840000000001,0.19318,0.952439999999999
"Casp4","ENSMUSG00000033538",-0.8355425,-0.654532499999999,-0.6739425,-0.2626525,-0.584272499999999,-0.6213925,0.8434175,0.312387500000001,0.0135975000000004,0.8090875,0.4676675,1.1861775
"Rsad2","ENSMUSG00000020641",-0.549034166666667,-0.138304166666667,-0.515234166666667,-0.607174166666667,-1.04193416666667,-0.774524166666667,1.28103583333333,0.311185833333333,0.450225833333334,0.434635833333333,0.446235833333334,0.702885833333333
"Ikzf1","ENSMUSG00000018654",-0.564390833333333,-0.496130833333333,-0.608650833333333,-0.672370833333333,-0.681920833333334,-0.559650833333333,0.943429166666666,0.225439166666667,-0.142830833333333,0.991209166666667,0.634159166666667,0.931709166666667
"Il18rap","ENSMUSG00000026068",-0.660151666666667,-0.355981666666667,-0.751851666666667,-0.641831666666667,-0.527461666666666,-0.585991666666667,0.821278333333334,0.679588333333333,-0.0927216666666668,0.966168333333333,0.0879183333333335,1.06103833333333
"Gm45193","ENSMUSG00000108112",-0.484776666666666,-0.586136666666667,-0.602016666666667,-0.676186666666666,-0.714486666666667,-0.296296666666667,1.44729333333333,0.289693333333334,0.259953333333334,0.507683333333333,-0.0630166666666661,0.918293333333334
"Cxcr3","ENSMUSG00000050232",-0.635740833333333,-0.458240833333333,-0.639150833333333,-0.588170833333333,-0.532930833333333,-0.657620833333334,1.23691916666667,0.522649166666667,0.263819166666667,0.644569166666667,-0.128690833333333,0.972589166666666
"Dock10","ENSMUSG00000038608",-0.357385833333333,-0.368315833333333,-0.518925833333333,-0.543985833333333,-0.686705833333333,-0.986415833333333,0.988434166666667,0.389994166666667,-0.00893583333333314,0.872884166666667,0.151464166666667,1.06789416666667
"Ptpn6","ENSMUSG00000004266",-0.645416666666667,-0.636026666666667,-0.536766666666667,-0.639026666666666,-0.705066666666666,-0.468516666666667,0.996603333333334,0.148023333333334,0.138613333333334,0.658183333333334,0.559453333333334,1.12994333333333
"Pla2g7","ENSMUSG00000023913",-0.479083333333332,-0.678273333333333,-0.641393333333333,-0.469503333333332,-0.406723333333332,-0.797733333333333,0.953256666666668,0.225646666666668,0.050766666666668,0.835196666666667,0.202586666666667,1.20525666666667
"Klrb1f","ENSMUSG00000030154",-0.449625833333333,-0.544735833333333,-0.740625833333333,-0.899105833333333,-0.501875833333333,-0.272925833333333,1.14535416666667,0.239694166666667,0.0312041666666669,0.531594166666667,0.318654166666667,1.14239416666667
"Clec4n","ENSMUSG00000023349",-0.81363,-0.60952,-0.823659999999999,-0.25563,-0.38664,-0.54442,0.782080000000001,0.27195,0.0328500000000007,0.868320000000001,0.290570000000001,1.18773
"Arhgap30","ENSMUSG00000048865",-0.5391425,-0.5253025,-0.6069625,-0.5557525,-0.6336425,-0.5862525,1.0820975,0.2249575,-0.1288925,0.6447675,0.513027500000001,1.1110975
"Lilra6","ENSMUSG00000030427",-0.761840833333333,-0.370170833333333,-0.600030833333333,-0.853560833333333,-0.211070833333333,-0.805180833333333,0.597189166666666,0.166389166666667,0.444249166666666,0.491559166666667,1.00480916666667,0.897659166666667
"B2m","ENSMUSG00000060802",-0.485958333333333,-0.374158333333334,-0.682658333333332,-0.670658333333334,-0.903858333333334,-0.656858333333334,0.903341666666666,0.652441666666666,0.558841666666666,0.633841666666667,0.277841666666667,0.747841666666666
"AB124611","ENSMUSG00000057191",-0.615991666666666,-0.632291666666666,-0.376651666666667,-0.487221666666667,-0.751761666666666,-0.551151666666667,0.963688333333334,0.190118333333333,0.136688333333334,0.521088333333334,0.271688333333334,1.33179833333333
"Spi1","ENSMUSG00000002111",-0.542744166666667,-0.559854166666667,-0.576484166666667,-0.188664166666666,-0.567964166666667,-0.869904166666666,1.05835583333333,-0.0838141666666665,0.196145833333333,0.778155833333333,0.393225833333333,0.963545833333333
"Fhl1","ENSMUSG00000023092",-0.442270833333334,-0.627960833333333,-0.545830833333333,-0.355330833333333,-0.622840833333333,-0.585780833333333,0.683919166666668,0.033219166666667,0.0143191666666667,0.496819166666667,0.455719166666666,1.49601916666667
"Gbp5","ENSMUSG00000105504",-0.585040833333333,-0.195120833333333,-0.317610833333333,-0.608220833333333,-0.940390833333333,-0.573770833333333,1.39677916666667,0.407109166666667,0.217969166666667,0.523959166666667,0.0577391666666669,0.616599166666667
"Slc7a5","ENSMUSG00000040010",-0.565673333333334,-0.262553333333333,-0.467843333333334,-0.714033333333333,-0.685943333333333,-0.526023333333334,0.965446666666666,0.161506666666667,0.228016666666667,0.537526666666666,0.0282266666666668,1.30134666666667
"Dhx58","ENSMUSG00000017830",-0.258461666666667,-0.696581666666667,-0.603411666666667,-0.566671666666667,-0.511761666666667,-0.510081666666667,1.28406833333333,-0.126101666666667,0.0791083333333331,0.739538333333333,0.305788333333333,0.864568333333333
"Ly9","ENSMUSG00000004707",-0.530689166666666,-0.668979166666666,-0.693819166666666,-0.426169166666666,-0.596249166666666,-0.423579166666666,1.02377083333333,-0.0682891666666663,0.154700833333334,0.835570833333334,0.428380833333334,0.965350833333334
"Rnase6","ENSMUSG00000021880",-0.447205,-0.539755,-0.959705,-0.527765,-0.385455,-0.340785,1.025905,0.364185,0.0170349999999999,0.568905,0.0720149999999995,1.152625
"Ifi27","ENSMUSG00000064215",0.1063075,-0.6674525,-0.3712625,-0.754772500000001,-0.779422500000001,-0.948812500000001,0.376047499999999,0.505637499999999,0.589577499999999,0.5329575,0.8696275,0.541567499999999
"H2-DMa","ENSMUSG00000037649",-0.58422,-0.48756,-0.98629,-0.461580000000001,-0.44055,-0.273630000000001,1.08252,0.340689999999999,0.0849099999999998,0.42334,0.21692,1.08545
"Bst1","ENSMUSG00000029082",-0.2287075,-0.599707499999999,-0.5273575,-0.5554875,-0.6615575,-0.723157499999999,0.800512500000001,0.126082500000001,-0.1212975,0.708502500000001,0.8605425,0.9216325
"Gmfg-ps","ENSMUSG00000083041",-0.518326666666667,-0.521376666666667,-0.671216666666667,-0.207466666666667,-0.661186666666667,-0.703666666666667,0.953113333333333,0.216863333333333,0.00355333333333263,0.968503333333333,0.289693333333333,0.851513333333333
"Arrb2","ENSMUSG00000060216",-0.485956666666667,-0.514596666666668,-0.461776666666667,-0.386256666666667,-0.641326666666667,-0.753146666666667,0.877163333333332,0.398013333333333,-0.0431866666666672,0.651743333333332,0.164983333333332,1.19434333333333
"Dtx3l","ENSMUSG00000049502",-0.5772375,-0.4767275,-0.6490775,-0.5495175,-0.3447075,-0.6198275,1.3608925,0.3381225,0.1994525,0.522632499999999,0.0380824999999998,0.757912500000001
"Tlr9","ENSMUSG00000045322",-0.488481666666667,-0.472531666666667,-0.834711666666667,-0.485411666666667,-0.615771666666666,-0.296021666666666,1.02028833333333,0.344438333333334,0.324458333333333,0.599968333333333,-0.154331666666667,1.05810833333333
"Irf8","ENSMUSG00000041515",-0.592619166666667,-0.480269166666667,-0.567229166666666,-0.637999166666667,-0.490949166666667,-0.575879166666667,1.12809083333333,0.409080833333333,0.0626208333333329,0.423910833333333,0.308540833333333,1.01270083333333
"Tifab","ENSMUSG00000049625",-0.787188333333333,-0.557278333333334,-0.495928333333334,-0.297418333333333,-0.450428333333333,-0.689568333333333,0.969561666666666,0.354251666666666,0.0531016666666666,0.652751666666667,0.176631666666666,1.07151166666667
"Alox5ap","ENSMUSG00000060063",-0.382566666666666,-0.578216666666666,-0.547146666666666,-0.347756666666666,-0.644726666666666,-0.722446666666666,0.797333333333334,0.268493333333334,-0.116936666666666,0.850873333333334,0.342263333333333,1.08083333333333
"Cd300ld","ENSMUSG00000034641",-0.519625,-0.554775,-0.626985,-0.400895,-0.569265,-0.454615,0.858915,0.461085,0.168475,0.0518149999999995,0.239465,1.346405
"Tnfrsf1b","ENSMUSG00000028599",-0.598106666666667,-0.596216666666667,-0.510046666666667,-0.524356666666667,-0.519556666666667,-0.395806666666667,1.11228333333333,0.184163333333332,0.0819733333333321,0.621273333333333,0.0693433333333324,1.07505333333333
"Itgal","ENSMUSG00000030830",-0.668575833333334,-0.587305833333334,-0.649595833333334,-0.460855833333333,-0.487165833333333,-0.525855833333333,1.04495416666667,0.235814166666667,0.323804166666667,0.665604166666666,0.203334166666667,0.905844166666666
"Lrrc25","ENSMUSG00000049988",-0.515699166666667,-0.437679166666666,-0.736419166666667,-0.609239166666667,-0.490269166666667,-0.504859166666667,1.02344083333333,0.131440833333333,0.0277908333333334,0.677940833333333,0.520910833333334,0.912640833333334
"Emb","ENSMUSG00000021728",-0.0830891666666664,-0.647389166666667,-0.211399166666666,-0.594519166666667,-0.708699166666666,-0.882359166666666,0.966490833333333,0.283150833333333,-0.0838291666666668,0.595460833333333,0.550040833333333,0.816140833333333
"Itgb7","ENSMUSG00000001281",-0.559659166666666,-0.727339166666667,-0.439409166666667,-0.528089166666667,-0.284749166666667,-0.529839166666666,1.17417083333333,0.411200833333334,0.186640833333334,0.158600833333334,0.136020833333333,1.00245083333333
"Naip5","ENSMUSG00000071203",-0.289293333333333,-0.499203333333333,-0.669523333333333,-0.298823333333333,-0.782373333333333,-0.469703333333333,1.09346666666667,0.193606666666667,-0.0246533333333332,0.659516666666667,0.129996666666667,0.956986666666667
"Ikzf3","ENSMUSG00000018168",-0.5519,-0.42793,-0.54392,-0.480659999999999,-0.15827,-0.91653,0.728560000000001,-0.000569999999999737,-0.0230999999999995,0.7487,0.76571,0.85991
"Gbp9","ENSMUSG00000029298",-0.4540625,-0.1591925,-0.4454225,-0.8311625,-0.7347525,-0.3763125,1.3034275,0.365807500000001,0.2312875,0.4302875,0.0406975000000003,0.6293975
"Tmem106a","ENSMUSG00000034947",-0.318978333333334,-0.573358333333333,-0.580498333333334,-0.380888333333333,-0.630398333333334,-0.646838333333333,0.956701666666667,0.0558016666666665,0.0416616666666663,0.705631666666666,0.400651666666667,0.970511666666667
"Arhgap4","ENSMUSG00000031389",-0.6737375,-0.7617775,-0.6039375,-0.4106375,-0.5537275,-0.246307499999999,0.9096825,0.4548825,0.0326725000000003,0.4316225,0.5449025,0.8763625
"C1qb","ENSMUSG00000036905",-0.543160833333333,-0.509300833333334,-0.645190833333334,-0.366030833333333,-0.492900833333334,-0.680640833333333,0.776119166666666,0.256149166666667,0.105409166666666,0.789619166666666,0.303609166666666,1.00631916666667
"Myo1g","ENSMUSG00000020437",-0.488684166666667,-0.586874166666667,-0.605834166666667,-0.596254166666667,-0.482454166666667,-0.599454166666667,0.897675833333333,0.181485833333333,0.314895833333333,0.594385833333333,0.496405833333333,0.874705833333333
"Slc15a3","ENSMUSG00000024737",-0.542654166666666,-0.493684166666666,-0.686174166666667,-0.705314166666667,-0.358414166666666,-0.322054166666667,0.999275833333334,0.171345833333334,0.235565833333333,0.254375833333333,0.359285833333334,1.08844583333333
"C1qc","ENSMUSG00000036896",-0.502820833333333,-0.474340833333333,-0.575200833333334,-0.331620833333334,-0.524680833333333,-0.760410833333333,0.921619166666666,0.261299166666667,0.0506891666666665,0.720629166666667,0.283519166666666,0.931319166666666
"Ptafr","ENSMUSG00000056529",-0.63817,-0.34345,-0.3939,-0.43927,-0.51375,-0.76239,0.8702,0.19355,0.15026,0.47152,0.26022,1.14518
"Ly6e","ENSMUSG00000022587",-0.51004,-0.3552,-0.509449999999999,-0.500859999999999,-0.709390000000001,-0.71264,0.98663,0.431329999999999,0.172330000000001,0.45063,0.47743,0.77923
"Oasl2","ENSMUSG00000029561",-0.67319,-0.29484,-0.32835,-0.44418,-0.706,-0.71643,1.08547,0.24276,0.220499999999999,0.63959,0.31664,0.65803
"Ifi30","ENSMUSG00000031838",-0.286113333333333,-0.426653333333334,-0.465033333333333,-0.489063333333333,-0.786573333333333,-0.655033333333334,1.01276666666667,0.290316666666667,0.0747366666666665,0.471396666666667,0.344866666666666,0.914386666666667
"Ctsh","ENSMUSG00000032359",-0.476459166666667,-0.493079166666667,-0.504259166666666,-0.362039166666666,-0.632049166666667,-0.597329166666666,0.824530833333332,0.226130833333333,0.0412308333333335,0.607530833333334,0.232440833333333,1.13335083333333
"Cd4","ENSMUSG00000023274",-0.403429166666667,-0.428449166666667,-0.591469166666667,-0.262159166666667,-0.835679166666667,-0.556699166666667,0.892580833333334,0.177810833333333,0.043450833333333,0.870670833333334,0.385290833333333,0.708080833333333
"C1qa","ENSMUSG00000036887",-0.625165833333334,-0.612635833333334,-0.509385833333335,-0.394005833333335,-0.451235833333334,-0.563615833333333,0.684274166666667,0.193254166666666,0.175154166666665,0.752774166666665,0.334614166666666,1.01597416666667
"Ctse","ENSMUSG00000004552",-0.0942150000000002,-0.657545,-0.311405,-0.599425,-0.628045,-0.740945,0.891405,0.351405,-0.0628849999999996,0.676765,0.675615,0.499275
"Ifih1","ENSMUSG00000026896",-0.620761666666667,-0.408051666666666,-0.426481666666667,-0.435011666666666,-0.694431666666667,-0.580021666666666,1.07016833333333,0.487718333333334,0.312988333333334,0.598628333333333,0.121118333333333,0.574138333333333
"Hcls1","ENSMUSG00000022831",-0.606146666666667,-0.554006666666666,-0.506926666666667,-0.276556666666666,-0.496736666666666,-0.632236666666667,0.981643333333333,0.287913333333334,0.0526733333333338,0.635943333333334,0.290863333333333,0.823573333333333
"Postn","ENSMUSG00000027750",-0.31903,-0.283910000000001,-0.516400000000001,-0.585410000000001,-0.74418,-0.61129,0.82047,0.404869999999999,0.349369999999999,0.46927,0.0392700000000001,0.97697
"Ncr1","ENSMUSG00000062524",-0.83557,-0.18452,-0.276759999999999,-0.59951,-0.43068,-0.72753,0.929860000000001,0.421340000000001,0.201300000000001,0.58581,0.234290000000001,0.681970000000001
"Arhgdib","ENSMUSG00000030220",-0.467223333333334,-0.476663333333334,-0.480863333333334,-0.331983333333334,-0.649123333333334,-0.655603333333334,0.797236666666667,0.319286666666667,0.134886666666667,0.642956666666667,0.457096666666667,0.709996666666667
