"","Direction","GSEA Analysis: INFECTED-CONTROL Pathways","URL","NES","Genes","adj.Pval","UpGenes","DownGenes","UnregGenes"
"1","Down","Citrate cycle (TCA cycle)","https://www.genome.jp/kegg-bin/show_pathway?mmu00020 ","-0.7024","29","4.2e-04","0","0","29"
"11","","Proximal tubule bicarbonate reclamation","https://www.genome.jp/kegg-bin/show_pathway?mmu04964 ","-0.72","18","4.3e-03","0","3","15"
"3","","Lipoic acid metabolism","https://www.genome.jp/kegg-bin/show_pathway?mmu00785 ","-0.7316","15","1.1e-02","0","0","15"
"17","Up","Herpes simplex virus 1 infection","https://www.genome.jp/kegg-bin/show_pathway?mmu05168 ","0.7182","177","7.2e-15","50","5","122"
"7","","NOD-like receptor signaling pathway","https://www.genome.jp/kegg-bin/show_pathway?mmu04621 ","0.7225","171","1.1e-14","43","1","127"
"18","","Coronavirus disease-COVID-19","https://www.genome.jp/kegg-bin/show_pathway?mmu05171 ","0.7056","177","5.3e-14","40","3","134"
"16","","Influenza A","https://www.genome.jp/kegg-bin/show_pathway?mmu05164 ","0.7027","150","9.3e-12","38","5","107"
"10","","TNF signaling pathway","https://www.genome.jp/kegg-bin/show_pathway?mmu04668 ","0.7414","110","1.2e-11","29","2","79"
"6","","Toll-like receptor signaling pathway","https://www.genome.jp/kegg-bin/show_pathway?mmu04620 ","0.7562","95","4.4e-11","30","2","63"
"15","","Measles","https://www.genome.jp/kegg-bin/show_pathway?mmu05162 ","0.705","126","2.4e-10","32","2","92"
"5","","NF-kappa B signaling pathway","https://www.genome.jp/kegg-bin/show_pathway?mmu04064 ","0.7347","94","3.7e-09","26","1","67"
"8","","Cytosolic DNA-sensing pathway","https://www.genome.jp/kegg-bin/show_pathway?mmu04623 ","0.7689","71","7.5e-09","19","1","51"
"4","","Viral protein interaction with cytokine and cytokine receptor","https://www.genome.jp/kegg-bin/show_pathway?mmu04061 ","0.7466","79","8.5e-09","26","3","50"
"9","","IL-17 signaling pathway","https://www.genome.jp/kegg-bin/show_pathway?mmu04657 ","0.7356","86","2.4e-08","20","1","65"
"19","","Rheumatoid arthritis","https://www.genome.jp/kegg-bin/show_pathway?mmu05323 ","0.6914","77","3.1e-06","21","3","53"
"12","","Pertussis","https://www.genome.jp/kegg-bin/show_pathway?mmu05133 ","0.7103","69","5.4e-06","18","0","51"
"13","","Legionellosis","https://www.genome.jp/kegg-bin/show_pathway?mmu05134 ","0.7487","50","1.3e-05","18","0","32"
"14","","Malaria","https://www.genome.jp/kegg-bin/show_pathway?mmu05144 ","0.7276","56","1.3e-05","22","2","32"
"20","","Primary immunodeficiency","https://www.genome.jp/kegg-bin/show_pathway?mmu05340 ","0.6979","32","1.1e-02","9","1","22"
"2","","Primary bile acid biosynthesis","https://www.genome.jp/kegg-bin/show_pathway?mmu00120 ","0.7106","15","8.2e-02","2","0","13"
