"","Ensembl_ID","Regulation","sham_1","sham_2","sham_3","sham_4","sham_5","sham_6","CVB3_1","CVB3_2","CVB3_3","CVB3_4","CVB3_5","CVB3_6"
"Itgb2","ENSMUSG00000000290","None",4.49900335837884,4.65566365717956,3.89214139320297,4.43236568406101,4.00413994436632,4.45993211691838,5.51975354760063,5.99184488807909,4.49324726861191,4.57310611926492,3.8333309038341,5.46741582931658
"Lck","ENSMUSG00000000409","Up",2,2.4934393836815,2.53801788407068,2,2.28108309307477,2.28021588448967,3.53783210431421,3.81444418989016,3.346803454918,2.67274858811338,3.40491479080614,3.05184410656625
"Raf1","ENSMUSG00000000441","None",6.60078941753941,7.15634607239296,7.33349301383022,7.12621783619353,7.51545413882888,7.28335348409167,7.09264164450043,7.26195750946509,7.22746009833497,6.92168792042118,7.01401631490551,7.14329958929681
"Icam2","ENSMUSG00000001029","None",7.42211623498136,6.84449615289835,6.33692544809359,6.46247837055973,6.36280064751587,6.48785025580853,6.41739964768163,6.51605507774533,6.32916368704415,6.60692860105152,6.62185497354514,6.49810471623995
"Araf","ENSMUSG00000001127","None",7.76841987380808,7.53186407423287,7.52974687040553,7.42938228481968,7.57525696205374,7.60898600694555,7.68495429934818,7.55124651635377,7.75125407657709,7.54065389013051,7.50186790194554,7.38476718941926
"Rac1","ENSMUSG00000001847","None",8.90267860311578,8.62747983317203,8.53177438902935,8.65217472573105,8.67990788636359,8.70500356390342,8.72638415511324,8.90558230306023,8.77639839932928,8.79838613663065,8.73434884327141,8.83736862246624
"Lcp2","ENSMUSG00000002699","None",4.49900335837884,3.3957144768096,2.74671212341795,2.70332579036496,2.51623057644212,2.71644642440566,3.94686855444425,4.22621395985326,3.1094338523667,3.5754852034358,3.06948285544641,4.12223596036652
"Ptpn6","ENSMUSG00000004266","Up",5.36539795961271,4.65566365717956,4.63173925621493,4.6645190637059,4.46394733315943,5.15897256203282,5.96878708457998,6.50379390175174,5.71752847552991,5.33766010127041,5.23622021454985,6.36355669567562
"Bid","ENSMUSG00000004446","None",3.73399370001566,2.68857928676981,2.74671212341795,2.39410471958574,3.05348247799206,2.51475670902742,3.33506181126008,3.45559961770047,3.4522867349243,3.129754008633,2.93777182919553,3.30778987151695
"Cd244a","ENSMUSG00000004709","None",2,2.26771380353851,2,2.39410471958574,2.28108309307477,2,2,2.66074772660986,2.25451535774448,2.48137274935242,2.24258847163959,2.48794091510443
"Map2k1","ENSMUSG00000004936","None",6.1114751626698,6.37699583556939,6.01267641070423,6.24071423082494,6.43631180474687,6.58124850158761,6.29682964031451,6.40176205963291,6.08861650219309,6.29391167102453,6.35120639972518,6.61328248552143
"Cd247","ENSMUSG00000005763","None",2,3.78525021882519,3.09081326288454,2.70332579036496,2.89563385975511,3.44095895621968,3.44000644134105,3.11223541799002,2.97429044031887,3.5754852034358,3.59179831184526,2.74048409183825
"Vav2","ENSMUSG00000009621","None",4.99628417476573,5.68101233053681,5.64678420869884,5.24510455755914,5.19755994104265,5.19318988280913,5.16912813396496,5.16011196802885,5.15547924180453,5.18894905169209,5.14956506107379,4.99560356464063
"Cd48","ENSMUSG00000015355","Up",2,3.01399290475307,3.36844261027258,2.95782623917036,3.84047584220315,3.19298918916174,4.57272100710993,4.99472837053813,3.55058025709267,4.0595530343716,3.97446171094947,4.8951220811784
"Gzmb","ENSMUSG00000015437","Up",4.49900335837884,2.26771380353851,2.74671212341795,2,2.51623057644212,2,3.71558343602786,5.12851726417322,3.72910427206027,3.25474518103378,4.47970584535741,5.19896295861363
"Plcg1","ENSMUSG00000016933","None",7.99581902296065,7.0449216831139,6.85910134961786,6.97591994654509,7.09281815885288,6.76308985123139,6.894528581581,6.70997486936188,6.75735486933833,7.01299955117107,6.79361343510656,6.57319491021296
"Rac3","ENSMUSG00000018012","None",3.73399370001566,3.50339290272173,3.36844261027258,4.15555402867938,2.71836848709709,3.19298918916174,3.44000644134105,3.55401864889424,2.65883281503852,3.3697655632761,3.40491479080614,3.30778987151695
"Fyn","ENSMUSG00000019843","None",6.60078941753941,6.25904415438074,6.44565446285953,6.42076908797259,6.50625817714218,6.76308985123139,6.32450722549431,6.52821292600663,6.38351756298873,6.23444107412488,6.47516044958524,6.39148889832085
"Ifngr1","ENSMUSG00000020009","None",7.34163199264268,7.03598326722055,6.9356693603623,7.00443730509803,6.80159051284553,6.82985988246821,7.21598892160454,7.14839881994327,7.2422432194652,7.30804640265162,6.980937117429,7.18645616821098
"Shc2","ENSMUSG00000020312","None",2,2.4934393836815,3.09081326288454,2.39410471958574,2.89563385975511,2.71644642440566,2,2,2.82516669444905,2.26067091179764,2.63165421575539,2.61973140998676
"Syk","ENSMUSG00000021457","None",6.1114751626698,5.5862268009109,5.84129892182336,5.29212742827057,5.60709973546925,5.67702471891236,6.18048268612148,5.91984311349747,5.85852269487486,5.85463686589037,5.64802243331095,6.11819084789933
"Ppp3cb","ENSMUSG00000021816","None",6.45537751605529,7.46017213399961,7.56460890171201,7.46059188241646,7.48112696842275,7.48326194414105,7.25965443757025,7.06740204978222,7.19743150233445,6.88348114826245,6.93849213581816,7.197046571762
"Tnfrsf10b","ENSMUSG00000022074","None",3.73399370001566,3.69727735589969,3.80151857459298,3.52845233094834,4.15111468169623,3.74766344580389,3.33506181126008,3.55401864889424,3.23299502109104,3.129754008633,3.75722614031915,3.65368207063018
"Ppp3cc","ENSMUSG00000022092","None",5.36539795961271,5.79135645659503,5.62051685127439,5.65794856351903,5.92571912316172,5.92113684199342,5.58985407986732,5.61244303576862,5.35908212160324,5.47246453590312,5.82620996350828,5.67863082443411
"Ifngr2","ENSMUSG00000022965","None",8.75512523202448,9.53231988161588,9.51328910889863,9.43580860336835,9.26017244605703,9.43761708036409,9.0728691886793,9.01330209062795,9.14814608485947,8.95626825207487,8.88722972699808,9.21492131440449
"Ifnar1","ENSMUSG00000022967","None",4.99628417476573,4.55914052702866,5.26116209100636,5.24510455755914,4.81208531844753,4.8936141639685,5.3142353072527,5.27999516580071,5.09160886346703,4.25177316332528,5.3179640502478,4.78711478708826
"Sos1","ENSMUSG00000024241","None",4.99628417476573,5.1289770078921,5.04117646507105,5.19649724632445,5.47378930329724,5.29122636020871,5.2579314524957,5.09621512159861,5.02477933096269,5.39310232352326,4.73909593759021,4.84212894328303
"Tnf","ENSMUSG00000024401","None",2,2.4934393836815,2.53801788407068,2,3.05348247799206,2,2.81674833256884,2.66074772660986,2.25451535774448,2,2.45019718939728,2.85190581924471
"Fas","ENSMUSG00000024778","None",6.60078941753941,5.48477316814582,4.68340796437103,5.42464498647312,5.26367611122117,5.44112795830294,5.16912813396496,5.65741539476883,5.56124747456439,5.66495003764674,4.992462578019,6.09572804191004
"Hras","ENSMUSG00000025499","None",8.6251521465459,7.91491063785766,7.94932036903174,8.05858806438239,7.96128601566611,7.8262411882954,7.84161913001347,7.89895995017384,7.76667405166929,8.0039033275147,8.06832622044684,8.06320760139992
"Zap70","ENSMUSG00000026117","None",2,2.68857928676981,2.2939450220728,2.70332579036496,2,2.51475670902742,2.25139536332906,3.23599502688213,3.346803454918,2.84168563095003,2.93777182919553,3.05184410656625
"Nfatc2","ENSMUSG00000027544","None",4.49900335837884,5.68101233053681,5.62051685127439,5.72802426279819,5.41681338254468,6.05740617216611,5.82116859883555,5.56602354595159,5.96929373071269,5.64224769270708,5.5156959250846,5.75228790501948
"Pik3ca","ENSMUSG00000027665","None",6.96551466135116,6.99044113451576,7.17105313313099,6.88682120041099,7.10188325577884,7.15034158871117,7.17856346068231,7.05064235501703,7.18217952137372,6.86399150375326,6.74518365800906,6.74180542937568
"Nras","ENSMUSG00000027852","None",8.19220777707027,7.08013163840118,7.15283992054777,7.17720923242672,6.90878479340302,6.91433567410367,7.47253952594688,7.19490030135838,7.00281611940753,6.69780158727136,6.70523415505501,7.18113167014401
"Ppp3ca","ENSMUSG00000028161","None",7.88659518046384,7.79817514401727,7.66440861818863,7.7655769624487,7.79238723423768,7.93639817797497,7.84161913001347,7.88484641152745,7.917048831171,7.63566109329432,7.65651474795784,7.59556293645408
"Klrk1","ENSMUSG00000030149","Up",2,2.4934393836815,2.74671212341795,2.39410471958574,2,2.51475670902742,3.87381716817671,3.81444418989016,3.1094338523667,2.99289787010183,3.90562137465036,4.07708385097106
"Klrd1","ENSMUSG00000030165","None",2,2.26771380353851,2,2.70332579036496,2.51623057644212,2.28021588448967,2.46541631574818,3.81444418989016,3.23299502109104,2.48137274935242,2.79281701595042,3.05184410656625
"Klrc1","ENSMUSG00000030167","None",3.73399370001566,2,2,2.39410471958574,2,2,2.25139536332906,2,2.47079179802862,2,2.45019718939728,2.34288982832796
"Kras","ENSMUSG00000030265","None",6.73287765948654,6.39108416090555,6.27090558582736,6.56176265483878,6.37780559021953,6.55517452386569,6.40448991580073,6.3341218949476,6.34294533936157,6.1724131939463,6.06589626214004,5.96551211301036
"Klrb1c","ENSMUSG00000030325","Up",2,2.26771380353851,2.2939450220728,2.39410471958574,2.28108309307477,2,3.09905760588408,4.10157501095499,3.346803454918,2.48137274935242,2.79281701595042,3.45623554040361
"Tyrobp","ENSMUSG00000030579","Up",6.60078941753941,6.3627685759015,6.43061450516898,5.88962816983595,5.84163303349453,6.29651344824985,7.43494327221586,8.17119981402233,7.0371302235017,6.90271100899008,7.14670964283886,8.02805065301629
"Lat","ENSMUSG00000030742","None",3.73399370001566,2.4934393836815,2.53801788407068,2.39410471958574,2.51623057644212,2.28021588448967,3.22188019991645,2.82744159165212,3.346803454918,2.99289787010183,2.93777182919553,3.30778987151695
"Pak1","ENSMUSG00000030774","None",2,3.60358970889291,2.53801788407068,2.39410471958574,2.51623057644212,3.55059993627384,4.08273108687134,3.89175937368882,3.346803454918,3.129754008633,3.19016882672587,3.93247422047043
"Itgal","ENSMUSG00000030830","None",4.49900335837884,3.3957144768096,2.74671212341795,2.95782623917036,3.05348247799206,2.89336714979416,3.62944358498561,4.22621395985326,3.55058025709267,2.99289787010183,3.67688204318582,4.24978620438753
"Casp3","ENSMUSG00000031628","None",2,2.86044172946297,3.2362959617399,3.36212480988177,3.05348247799206,3.74766344580389,3.94686855444425,3.89175937368882,2.97429044031887,2.99289787010183,3.50138049765207,3.59082190528746
"Pik3r2","ENSMUSG00000031834","None",5.65905335237557,5.09495313534222,5.3597339210231,5.33766590119952,4.81208531844753,5.12392393053731,5.07449801479066,5.02935661061526,5.24627690684035,5.18894905169209,5.60524812781482,5.01966729026523
"Pik3cb","ENSMUSG00000032462","None",5.36539795961271,4.95021672816368,5.00101535820852,5.29212742827057,4.62353039579082,4.8513834831016,5.47105303890315,4.6829664655754,4.99016663583972,4.75339821454671,4.992462578019,4.57614697114392
"Nfatc1","ENSMUSG00000033016","None",5.65905335237557,5.61051337070584,5.11829273004752,5.19649724632445,5.05547860178247,5.52412047189323,5.69961219312296,5.27999516580071,5.48871442663954,5.18894905169209,5.2639859804055,5.26084245190795
"Klra9","ENSMUSG00000033024","None",4.49900335837884,3.50339290272173,2.92899753041405,2.39410471958574,3.19575114942933,3.19298918916174,2.96479733101206,3.23599502688213,3.23299502109104,3.47628907901372,3.67688204318582,3.38392114830847
"Rac2","ENSMUSG00000033220","Up",6.1114751626698,4.78932391429569,4.82816030666479,4.15555402867938,4.07949813793641,4.21549285940433,6.02046922557936,6.84245851135231,5.95141249402191,5.33766010127041,5.70989608697256,6.56504197298372
"Vav3","ENSMUSG00000033721","None",4.49900335837884,4.02093878934913,4.4042967821628,4.05007330412885,3.92462747457326,4.00045879672215,4.01639854824527,3.89175937368882,4.03102775618246,3.5754852034358,3.75722614031915,3.93247422047043
"Ppp3r1","ENSMUSG00000033953","None",7.16579571534358,7.14807392448851,7.29248712848926,7.17720923242672,7.18100357385507,7.2991497440709,7.32277045341418,6.88089053668803,7.17449263589363,6.27927226606455,6.28499247766541,6.93765262228322
"Vav1","ENSMUSG00000034116","Up",2,3.3957144768096,2.53801788407068,3.52845233094834,4.07949813793641,3.44095895621968,3.94686855444425,5.02935661061526,3.96126178495475,3.83772701704849,4.65770659028018,5.33942453117337
"Plcg2","ENSMUSG00000034330","None",4.99628417476573,5.25757466369972,4.73329001156629,5.29212742827057,4.9389086645841,4.8513834831016,5.42065095912102,4.84725243018272,4.72139740367487,5.21994288845318,5.05737048985604,5.55235022423218
"Sos2","ENSMUSG00000034801","None",6.60078941753941,5.61051337070584,6.18389128558647,5.76182569771454,6.00517307687599,6.16476621673507,5.65670568407328,5.49346774280344,5.5374726868374,5.39310232352326,5.80746392881885,5.46741582931658
"Map2k2","ENSMUSG00000035027","None",8.51936075162369,8.54167182426332,8.610625121889,8.61104131839803,8.49959747248318,8.42447083210635,8.27656851960385,8.26862399438579,8.26709311603875,8.56182795690689,8.6787039870668,8.57245595017853
"Shc4","ENSMUSG00000035109","None",2,2.4934393836815,2.74671212341795,2.39410471958574,2.89563385975511,2.28021588448967,2.65175075853675,2.47224636175731,2.25451535774448,2.84168563095003,2.24258847163959,2.34288982832796
"Prf1","ENSMUSG00000037202","Up",2,2.4934393836815,2.2939450220728,3.17409192153846,2.28108309307477,2,3.53783210431421,4.03497024373114,2.65883281503852,2.99289787010183,3.50138049765207,3.93247422047043
"Icam1","ENSMUSG00000037405","None",7.06912788442584,4.65566365717956,5.19149522342178,4.73428391734198,5.12826764456032,5.49698333217645,5.91518450777198,6.20375346132044,5.58463681084802,5.42004439445615,6.17229185562564,6.57319491021296
"Tnfsf10","ENSMUSG00000039304","None",4.99628417476573,4.78932391429569,5.15535821468411,4.6645190637059,4.72088609632711,3.83694171537146,4.93781991574556,5.27999516580071,4.76299677704186,4.66606670055124,5.14956506107379,5.19896295861363
"Pik3cd","ENSMUSG00000039936","None",4.49900335837884,3.50339290272173,3.89214139320297,3.93626784526046,4.21934362318615,4.14731498251676,4.3751431599695,4.4975393407126,4.22211326308981,4.25177316332528,4.10300837813955,4.75880047678763
"Lat2","ENSMUSG00000040751","None",4.99628417476573,3.78525021882519,3.36844261027258,3.67757096725777,2.89563385975511,3.32229514393663,4.57272100710993,5.19102955700937,3.72910427206027,3.5754852034358,4.04016628797269,5.11209865361899
"Pik3r1","ENSMUSG00000041417","None",6.60078941753941,7.51266236827311,7.65149417617288,7.56957608206418,7.30393095224971,7.71876596625485,7.65801276091947,7.35362634178409,7.99767152377076,7.43894624238777,6.93849213581816,7.7292574897849
"Shc1","ENSMUSG00000042626","None",5.36539795961271,5.65789335319222,5.56650231629346,5.14619498431834,6.02437119171745,5.67702471891236,5.98622099035602,5.7640706211653,4.88104842645894,5.25028485537879,5.64802243331095,5.50199189657457
"Ptpn11","ENSMUSG00000043733","None",7.34163199264268,7.43998525474275,7.47947992315974,7.1896803709314,7.30393095224971,7.18476179937247,7.50918086338421,7.29078867359759,7.56977418727672,7.58299137580582,7.33519025826359,7.59556293645408
"Prkca","ENSMUSG00000050965","None",5.36539795961271,5.79135645659503,5.56650231629346,5.97855895981976,5.81982279145194,6.26468730793363,5.78177691572573,5.56602354595159,5.5374726868374,5.25028485537879,5.56116676005803,5.56875314487704
"Klrc2","ENSMUSG00000052736","None",2,2,2,2.39410471958574,2,2,2.46541631574818,2,2.97429044031887,2,2.24258847163959,2.48794091510443
"Prkcb","ENSMUSG00000052889","None",4.49900335837884,4.02093878934913,3.09081326288454,3.36212480988177,3.55383279124985,3.19298918916174,4.52580493968832,4.22621395985326,4.0975750303464,3.25474518103378,4.04016628797269,3.71391730769484
"Sh3bp2","ENSMUSG00000054520","None",3.73399370001566,3.27934632311557,3.48949418511752,2.95782623917036,3.05348247799206,3.65249379053747,4.01639854824527,4.03497024373114,3.55058025709267,2.99289787010183,2.79281701595042,4.6082406377351
"Ifng","ENSMUSG00000055170","None",2,2,2,2,2,2,2,2,2,2.26067091179764,2.24258847163959,2.85190581924471
"Fcer1g","ENSMUSG00000058715","Up",6.60078941753941,6.65900691027413,5.99233494129396,6.14149259550037,5.9051525794466,6.28068813768755,7.97857692782592,8.67897577970886,7.51604367633445,6.75182135432121,6.980937117429,8.55197600036431
"Fcgr4","ENSMUSG00000059089","Up",4.49900335837884,3.60358970889291,3.36844261027258,3.36212480988177,3.6558407728901,4.07575469898472,5.44607209407666,6.84245851135231,5.05858102818713,4.95106816549989,4.77813112014805,6.97505373253996
"Ptk2b","ENSMUSG00000059456","None",3.73399370001566,3.86816558030142,3.97740662336697,3.52845233094834,4.15111468169623,3.65249379053747,4.14614736719778,4.99472837053813,4.63441744973344,4.19050196421303,4.33012719006098,4.57614697114392
"Grb2","ENSMUSG00000059923","None",7.99581902296065,7.83471365457517,7.88457232539702,7.91576001751879,7.74688134279112,7.99576355174261,7.80278942327636,7.87059343834899,8.15046587795444,7.81890164782481,7.86578331128127,8.05449835674947
"H2-K1","ENSMUSG00000061232","Up",9.41643943574932,8.97716313499777,8.6337921392478,8.83794136259544,8.71577916678354,8.83800901912647,10.448549522538,10.6976034265543,10.9088016466863,10.1446727796134,10.5665463682112,10.8068542710198
"Ncr1","ENSMUSG00000062524","None",2,2,2,2,2,2,2.25139536332906,2.82744159165212,2.47079179802862,2.26067091179764,3.30153375760366,3.05184410656625
"Mapk3","ENSMUSG00000063065","None",9.43595411527108,7.34908971609185,7.69619782921536,7.49114059914519,7.68790309974505,7.26738235229884,7.66344146845296,7.57488186042427,7.61591057366969,7.63566109329432,7.85212826807692,7.6923063487229
"Hcst","ENSMUSG00000064109","Up",2,2.86044172946297,3.09081326288454,2.95782623917036,2.71836848709709,3.0509425002158,3.22188019991645,4.16524006072907,3.88794986345241,3.3697655632761,3.75722614031915,3.59082190528746
"H2-T23","ENSMUSG00000067212","Up",5.65905335237557,4.55914052702866,4.52249545513349,4.73428391734198,4.15111468169623,3.83694171537146,5.56686363294981,6.24853140717436,6.07216280964561,5.49797723241555,5.91645168780363,6.74902056128134
"Klra3","ENSMUSG00000067591","None",2,2.68857928676981,2.53801788407068,2.70332579036496,2.28108309307477,2,2,3.23599502688213,2.47079179802862,2.48137274935242,2.45019718939728,2.34288982832796
"Klra7","ENSMUSG00000067599","None",2,2.26771380353851,2.2939450220728,2.39410471958574,2,2.51475670902742,2.96479733101206,3.34997177423321,3.346803454918,2,3.59179831184526,2.61973140998676
"H2-D1","ENSMUSG00000073411","Up",10.479580219512,9.13826558790475,8.96656299777877,9.07150504944674,9.09974322542144,9.00382364199606,10.4540417643106,10.6663156237696,10.690378754598,10.3086347920879,10.5651520968646,10.7085051023858
"Klra4","ENSMUSG00000079852","None",2,2.86044172946297,2,2.39410471958574,2,2,2.81674833256884,3.11223541799002,3.1094338523667,2.48137274935242,2.63165421575539,2.61973140998676
"Klra1","ENSMUSG00000079853","None",2,2,2,2,2,2,2,2.66074772660986,2.25451535774448,2,2.45019718939728,2.48794091510443
"Klra8","ENSMUSG00000089727","None",2,2.4934393836815,2,2.39410471958574,2.51623057644212,2,2.81674833256884,3.64615028174145,2.97429044031887,2.26067091179764,2.63165421575539,2.85190581924471
"Sh2d1b1","ENSMUSG00000102418","None",2,2,2.53801788407068,2.39410471958574,2,2,2.46541631574818,2.97685455547287,2.25451535774448,2.26067091179764,2.63165421575539,2.61973140998676
