"","Gene_ID","sham_1","sham_2","sham_3","sham_4","sham_5","sham_6","CVB3_1","CVB3_2","CVB3_3","CVB3_4","CVB3_5","CVB3_6"
"Hbb-bs","ENSMUSG00000052305",3.31025723777606,1.38702139755332,1.0960524403505,0.10952828505774,0.942597295124783,0.0928604854321424,-2.42598708279298,-1.97738676313589,-0.695650102134643,-1.15020062743226,-0.309898334976202,-0.379194230822565
"Hba-a1","ENSMUSG00000069919",3.99235990559104,1.35499399000305,1.07409484211478,0.114666717504313,0.945169654197841,0.136934660724078,-2.52953212723567,-2.07772562515147,-0.659084208965647,-1.36357029137678,-0.481719205719779,-0.506588311685762
"Hba-a2","ENSMUSG00000069917",3.98321607814698,1.34672236270913,1.07291967696218,0.116722782782286,0.939654060375078,0.13367617472989,-2.53248388351843,-2.05805365005136,-0.705925926625472,-1.29552530313112,-0.506343960863099,-0.494578411516073
"Hbb-bt","ENSMUSG00000073940",3.63412917331468,1.48124227731855,1.05361177998774,0.0250581904101317,0.917838409782787,-0.023107147072519,-2.59818343194034,-2.14182918394081,-0.606278594184024,-1.14019514062196,-0.266089319136867,-0.336197013917371
"Alas2","ENSMUSG00000025270",3.62178964063166,1.22572215289779,0.858796795833335,-0.0263735470200004,0.882844476846668,0.00607920271917628,-2.55275940078768,-1.70417839744734,-0.342310183719553,-1.12699166364091,-0.469164385979984,-0.373454690333172
"Plxnd1","ENSMUSG00000030123",2.35419394619749,0.629624936418866,0.454640398640903,0.137617186481842,0.192340981940598,-0.0803364915247098,-0.29530955193479,-0.818269487128694,-1.01711969716375,-0.479359697012768,-0.237272537551892,-0.8407499873631
"Tfrc","ENSMUSG00000022797",-1.27296448396123,1.97782705102914,1.16370151802222,0.73104777251047,0.497370262882485,0.921111167279205,-0.834147926594513,-0.46349622510137,-0.968537647366611,-0.784419608351402,-0.918798801286958,-0.0486930790614437
"Metrn","ENSMUSG00000002274",-0.064622717960674,0.846734886701654,0.500829249034409,0.728483483716655,0.650290189132554,0.248587494392303,-0.768418020716132,-0.348974561688099,-0.499749405708595,-0.301270639719265,-0.35689261987999,-0.634997337304822
"Fscn1","ENSMUSG00000029581",1.5242995088489,0.649570124710142,0.38017148473095,-0.000314344425271784,0.475710103696531,0.157893662599639,-0.502710070529877,-0.175273285152975,-1.24786346237244,-0.57302755779595,-0.238186818443819,-0.450269345865832
"Klhdc8a","ENSMUSG00000042115",-1.80982228641411,1.3108828267237,0.856239899460319,0.184208276368423,1.01605580631059,0.799157759584502,-0.405546661880385,-0.180024179914952,-0.740385791456302,-0.323873097976587,-0.00520550765845407,-0.701687043146737
"Aplnr","ENSMUSG00000044338",1.52739292073463,1.24398645135194,1.0661720311122,0.0281222219243711,0.765365166568596,0.164475604798256,-0.500301824870963,-0.670675060406976,-1.21600847752672,-0.817786716581482,-0.318638297520535,-1.27210401958332
"Bpgm","ENSMUSG00000038871",2.5139273034214,0.526880581401595,0.224708348315592,0.0663555862451055,0.373885884491024,-0.15184647218069,-1.04810969423471,-0.874292354858349,-0.311649122914162,-0.503832623255235,-0.517684504216582,-0.298342932214991
"Scn4b","ENSMUSG00000046480",0.0744680279667769,0.475954889093942,0.408268348920457,0.808087805886627,0.503855624169492,0.791037959517086,-0.407807720987256,-1.14549221453288,-0.582181773267934,-0.0974694720576483,-0.678893619034489,-0.149827855674166
"Igsf1","ENSMUSG00000031111",0.0816450230821628,0.959845384263574,0.970164583072835,0.140892049942574,0.24484738193762,0.754956662611082,-0.806441194076045,-0.600786470955154,-0.329049868629986,-0.225900449648324,-0.902023729710418,-0.288149371889917
"Gpr22","ENSMUSG00000044067",-0.218209203410543,0.793388672546131,0.582233279105384,0.815846200002794,0.342111960138466,0.253462990922272,-0.414479029058292,-0.423495194994405,-0.593440527183533,-0.39465811133117,-0.591144585004251,-0.151616451732846
"Slc25a37","ENSMUSG00000034248",2.26600967590266,0.717626965014872,0.472448390547914,-0.489341700784903,0.335237868496519,-0.033669045823598,-0.739945976818835,-0.685254007456863,-0.657571650019051,-0.415821605103556,-0.490241681474264,-0.279477232480903
"Tent5c","ENSMUSG00000044468",3.45416792171747,1.20614927490746,0.548623409399112,0.206403401122339,0.538506473266056,-0.0964796812336122,-1.1162766770254,-1.02495276555185,-0.892518814855715,-1.62032828192601,-1.23286770488297,0.0295734450631189
"Fam131a","ENSMUSG00000050821",-0.390464423503683,0.84123673095166,0.625927812434823,0.562771628247542,0.559247995424443,0.241086912044534,-0.52245160227066,-0.135803299990736,-0.75233114853597,-0.0490884969990004,-0.462252326371418,-0.517879781431536
"Nes","ENSMUSG00000004891",2.24293275044743,0.404624372177574,0.36490944961875,-0.429774795730045,0.349067124981953,0.275439984184919,-0.685291648238205,-0.633121336118878,-0.416169295945591,-0.604134926824379,-0.409735688235823,-0.4587459903177
"Nrep","ENSMUSG00000042834",1.44515142099461,0.450554298759731,0.532155393691341,0.646581812239739,0.52295394592329,0.421046560211249,-0.382093915807168,-0.424148118757942,-1.02711597174464,-0.809970072388229,-0.462992750500515,-0.912122602621455
"Ppargc1b","ENSMUSG00000033871",2.26936175053228,-0.123416361937076,0.147726085423046,-0.30256087695134,0.486657917792168,0.595029634746465,-0.157474019935537,-0.338946155246942,-0.223742289539002,-0.974779501763565,-0.720927003127739,-0.656929179992763
"Pcdh12","ENSMUSG00000024440",2.40238981831961,0.872166427600922,0.627487090145343,-0.119717336790774,0.674599064335419,0.304971307900066,-0.328196314444434,-1.39840163643228,-0.892739469178003,-0.938480374375275,-0.282551543418271,-0.921527033662318
"Bcl6b","ENSMUSG00000000317",2.12082716800604,0.392432928884879,0.530454057456375,-0.23132457718825,0.374821522461313,-0.150905145254797,-0.369742624292141,-0.78428962776508,-0.422816493606025,-0.624121346959881,0.13817636357801,-0.973512225320443
"Nr4a3","ENSMUSG00000028341",0.934585854916553,-0.323418926328956,-0.383111747861951,0.520637060100128,0.692345885085659,1.134083016571,-0.708068949213748,-0.0415010318836195,-0.0900500477255743,-0.597954779651817,-0.0667609071788382,-1.07078542682884
"Pnmt","ENSMUSG00000038216",2.17207582404595,0.691334330840616,0.247737627765849,0.713238167828481,0.298893295110681,0.809158508109577,-1.57155863738875,-0.398390765956847,-0.632251288329037,-0.48289099307704,-1.03621269698606,-0.811133371963422
"Adamts9","ENSMUSG00000030022",1.22184812556359,0.434806827170444,0.68108750323554,0.0767667997160641,1.26832812273478,0.130987819474583,-0.230312177900557,-0.472064147161714,-1.09040177189398,-0.768907790042204,-0.845406914966719,-0.406732395929825
"Cryba4","ENSMUSG00000066975",0.168943162161644,0.864648018274762,0.964713075353175,0.534381567976234,0.933615915003972,0.521323286884397,-1.67830943768045,-0.515616006327041,-0.519348052399567,-0.414539316459724,-0.738261884371941,-0.121550328415463
"Itgb6","ENSMUSG00000026971",-0.695953600832942,0.699029707043501,0.571068057359915,0.234571762857293,1.09865301761957,0.333074953508807,0.188212005876076,-0.538187927159787,-0.879367043755931,-0.303434583041405,-0.753065257662779,0.0453989081876873
"Snca","ENSMUSG00000025889",3.74565502683014,1.23460917201531,0.623190124809666,-0.721711665182167,0.561921322317016,-0.102849013613754,-1.78474768038233,-1.42272240447839,-0.288902211175762,-0.674678792694707,-0.573281952944686,-0.596481925500333
"Gchfr","ENSMUSG00000046814",1.67592314299641,0.453858717133143,0.364940648994816,0.409289446050773,0.471645801978046,-0.249075267230373,-1.42751093150451,-0.772239492945578,-0.138608779379623,-0.303556301943416,-0.0980748864019345,-0.38659209774775
"Dbh","ENSMUSG00000000889",0.628095455717301,0.693936608667231,0.489446633808841,0.554824924375157,0.390965140664903,0.645720184880664,-0.863485335718702,-0.290098847062383,-0.576114954919244,-0.315934941566702,-0.697136215922717,-0.660218652924348
"Vps13a","ENSMUSG00000046230",-0.570510882116921,-0.700914873239667,0.523655724532206,1.07730625105874,1.08295420320054,0.922109834119211,-0.357636027688331,-0.412745208443766,-0.206929551786183,-0.636207145362807,-0.398883207482221,-0.322199116790798
"Retnla","ENSMUSG00000061100",-0.269139401393676,1.22335074180454,0.730156910156948,0.510838925118706,0.975687950250681,0.14418188110742,-0.904075495525257,-0.188688911519177,-1.17796640696028,-0.0137994503749606,-0.411334789564078,-0.619211953100864
"Dok4","ENSMUSG00000040631",2.39446204731217,0.0796553548883319,0.121476182281196,0.0920548670734229,0.104176373898281,0.123234977876165,-0.232932889768863,-0.754104545465755,-0.758595736940771,-0.476467638168535,-0.181142061704824,-0.511816931280825
"Nrarp","ENSMUSG00000078202",1.12523290757285,0.54012187017999,0.549925390170071,0.559972100697314,0.453302940929398,-0.0609681374851023,-0.631546433304426,-0.330490143669181,-0.497123830534611,-0.3563262381735,-0.346144707686172,-1.00595571869662
"Apln","ENSMUSG00000037010",0.89786612962743,0.996535090203925,0.942758419932757,0.0571359835410803,0.57461126274494,0.361514071780083,-1.13362071412624,-1.12156348966543,-0.287705901320665,-0.182897165380822,-0.597037547486225,-0.507596139850836
"Phkg1","ENSMUSG00000025537",-0.664432887741376,0.303180216039344,0.719866142290482,1.29498525496486,0.457183748591616,0.364595666600374,-0.133242586353259,-0.752276306015584,0.143428534549042,-0.40909293672266,-0.806628275911777,-0.517566570291061
"Cenpf","ENSMUSG00000026605",-0.656595337627436,0.481423016339326,0.482765083297079,0.947076863556426,0.588232014016921,0.372433216714313,-0.593720452088657,-0.657839204911055,-0.110019067675498,-0.552862020594609,-0.350422749670402,0.0495286386435962
"Dnai7","ENSMUSG00000043541",-2.09772851101117,1.03124849688094,0.683776330525212,0.416243515516877,0.623157585315943,0.710150738248585,-0.0813299627658974,-0.283284321121006,0.0634590379650026,0.154044652314111,-0.505930199165907,-0.713807362702693
"Fam81a","ENSMUSG00000032224",0.576496740537222,0.604611797123144,0.102708020904985,0.564035114099152,0.559033617431512,0.431596048873091,-0.790343849242893,-0.964187816528033,-0.531837570776097,0.104491187283722,-0.445325723279037,-0.211277566426769
"Tmem150c","ENSMUSG00000050640",-0.283851272813869,0.683761830966851,0.763659868706847,0.907521653206167,0.388728566181569,0.197647886574797,-0.0709764183852788,-0.562245355129057,-0.671041517911534,-0.648079409553428,-0.340962929643705,-0.364162902199352
"Col4a4","ENSMUSG00000067158",0.500534348791336,0.657194647592054,-0.293649534261313,0.051604294541344,0.768737216810564,0.620952958767294,-0.663407198327432,-0.352318727846056,-0.546182274663207,-0.24297099216739,-0.0928476349371472,-0.407647104300046
"Slc22a3","ENSMUSG00000023828",-1.83742207506833,0.447705523272296,0.627184193700245,0.827096988637565,0.681704383916596,0.730770971218231,0.10944647937592,-0.601427048186198,-0.286841817975658,-0.582676894034547,0.0681992995820302,-0.183740004438153
"Sez6l2","ENSMUSG00000030683",2.70778427991397,0.26606696443128,0.79040282674559,0.360840194381432,0.453818102287785,0.107453659096708,-0.452998696284384,-1.63764469525325,-0.918714697306565,-0.416716058611718,-0.823522282179025,-0.436769597221827
"Lypd2","ENSMUSG00000022595",0.155058386898036,0.644540861916154,0.31320608008535,0.576618715561753,0.261540529085527,0.936142528082815,-0.479877707233545,-0.466699895127607,-0.232131858199629,0.258791703930862,-1.12873812372034,-0.838451221279372
"Cabp1","ENSMUSG00000029544",2.63941017988192,0.694284419522067,-0.870565974772955,0.38448579365003,0.445194301353604,0.114375461327227,-0.331935652671882,-1.13393764600538,-0.509092502733194,-0.485090158643775,-0.128048333823394,-0.819079887084264
"Kit","ENSMUSG00000005672",2.0830949154309,0.44498035240446,0.946537018188823,-0.618132197774309,0.348669037628593,-0.134999480724988,-0.476900831060588,-0.599103881471799,-0.917125621906143,-0.734272805994637,-0.0745779392925949,-0.268168565427715
"Drd2","ENSMUSG00000032259",0.921887785796216,0.514542468399472,0.224403002010353,-0.0486632416342845,0.263360269620524,0.882816544335753,-0.478057966698548,-0.121515954882155,-0.918282757544103,-0.584217702480795,-0.386946745856759,-0.269325701065675
"Ldlrad3","ENSMUSG00000048058",1.3821865342786,0.254067939814296,0.592486271548631,0.0634733267706462,0.137012336381478,0.845834476431253,-0.392217440570676,-0.50186222249711,-0.788930946038075,-0.137808561473408,-0.982443424731739,-0.471798289913897
"Clcn1","ENSMUSG00000029862",1.67005206711605,0.41204728587054,-0.0115946618925498,0.166552743419858,-0.0643738106862597,0.526076555940919,-0.359557700273908,-1.01214672978665,-0.0277395003047718,-0.413516081823718,-0.487620787607447,-0.398179379972058
"Arc","ENSMUSG00000022602",0.552560155173262,-0.0286717383355306,0.308060640275116,-0.223607305672041,0.743193929730861,0.965881437674357,-0.21663621383034,-0.353991953190282,-0.356266850393346,-0.920762633044756,-0.243661715646865,-0.226097752740433
"Ret","ENSMUSG00000030110",0.488746766025003,0.358342774902257,0.888915538257838,0.432324033267116,0.595228908212494,-0.0522577448289132,-0.779830618242479,-0.13301151600064,-0.990731576246181,-0.252349063888825,-0.452429918040242,-0.102947583417427
"Crybb1","ENSMUSG00000029343",-0.973547432413583,0.529845470308143,0.827971142179398,0.704023534844191,0.351693567817105,1.02691136430856,-0.722152069084526,-0.146105840761465,-0.502755634384961,-0.131861801463552,-0.730958960773988,-0.23306334057533
"Krt10","ENSMUSG00000019761",3.12093902815015,-0.0800232759742614,0.185973615972811,0.643019520036889,-0.107713014072534,-0.755199667113941,-0.508182414934632,-0.712193829393553,-0.60138540135769,-0.578423292999583,-0.114857952441584,-0.491953315872074
"Tafa3","ENSMUSG00000055865",2.00887708597125,-0.126965359331503,0.717412386531719,-0.0295808496241174,0.566425702455374,-0.270960664388816,-0.335656330257722,-0.515160727037168,-0.516615290765854,-0.506034339442061,-0.744818617154881,-0.246922996956223
"Duox1","ENSMUSG00000033268",1.20024276410807,0.480241968845475,0.21296118751035,-0.139646216321851,-0.0175203594654785,0.517191564308203,-0.282355572578538,-0.278390493535407,-0.533750935907595,-0.273080024109952,-0.533750935907595,-0.352142946945678
"Ankrd1","ENSMUSG00000024803",-0.75913655343712,-1.04450289050283,-0.591203268562516,-0.834438740406874,-0.961940537545262,-0.587444644759454,0.991855429656924,1.11179535674954,0.34576047908724,0.5466618916396,0.656909205432619,1.12568427264814
"B2m","ENSMUSG00000060802",0.183705965654408,-0.675547906217863,-1.01437412149171,-0.885013433148039,-0.844873408724549,-0.867947074391152,0.775777826096071,0.864484356007118,0.878601278621616,0.278463043805717,0.40679144983765,0.899932023950736
"Mt1","ENSMUSG00000031765",-0.906419084766068,-0.637616090804572,-0.705712944337291,-0.115450029684244,-0.697382018223765,-0.651465776661768,0.517500134339603,0.58180776205659,0.666151605585169,0.751462313525813,0.160704733152507,1.03641939581802
"Irf7","ENSMUSG00000025498",-0.290366910070295,-1.37647378015498,-1.63669408284961,-1.56923836429686,-1.61923223376713,-1.66698907832495,1.35638453324877,1.21306958170491,1.48380883630519,0.961758910223695,1.73425888194734,1.40971370603393
"Iigp1","ENSMUSG00000054072",-0.280004267483928,-0.91086874067136,-1.17108904336599,-1.06992069910592,-1.08284896489047,-1.17057773179036,-0.360650661249093,1.79461230209953,1.94498975172858,0.499078885443698,-0.311819589885836,2.11909875917116
"Mt2","ENSMUSG00000031762",-0.91709940627829,-1.11401697256327,-1.10807186957147,-0.603011283750234,-0.801173599752826,-1.17244501113926,0.939932440118914,1.32960126067297,0.993125586847508,0.54522606511774,-0.0190722913523835,1.9270050816506
"H2-K1","ENSMUSG00000061232",-0.332906587010962,-0.772182887762508,-1.11555388351248,-0.911404660164838,-1.03356685597674,-0.911337003633809,0.699203499777754,0.948257403793983,1.15945562392605,0.395326756853095,0.817200345450923,1.05750824825953
"Lrrc10","ENSMUSG00000060187",-0.58565689724808,-0.792537283750631,-0.481686525945939,-0.598044086635504,-0.993405256612879,-0.476246820590816,0.363956498898929,0.296564680706364,0.937076753693976,0.813418456722111,1.0861558688165,0.430404611945974
"H2-D1","ENSMUSG00000073411",0.550204481505661,-0.791110150101604,-0.962812740227587,-0.857870688559613,-0.829632512584919,-0.925552096010295,0.52466602630429,0.736939885763226,0.761003016591616,0.379259054081494,0.635776358858253,0.779129364379479
"Ifit3","ENSMUSG00000074896",-0.48020124075379,-1.41542218358784,-1.57567984688226,-1.6091774184931,-1.73412577741364,-1.36987891422292,0.972110832706747,2.20995808568674,0.863369386745941,0.531891696061983,0.908105251713886,2.69905012843826
"Gm4841","ENSMUSG00000068606",0.138791389186294,-1.5873907762345,-1.70582916424233,-1.5223434726813,-1.7953690829543,-1.55949263193326,-0.0787121647144531,2.03763880626718,2.52422321526723,0.856589849271177,-0.0830541054254921,2.77494813819376
"Ifit1","ENSMUSG00000034459",0.121719725860961,-0.989497721460543,-1.30147002251359,-1.28208585372075,-1.22879727328785,-1.37316736231492,0.462691720889885,2.16702527280952,0.281403428981982,0.259466718155544,0.243687439412405,2.63902392718736
"Eif4ebp1","ENSMUSG00000031490",-0.896373691883431,-0.516975226239577,-0.381492982348423,-0.435970805950584,-0.679825095768599,-0.313010700361849,0.33672209474247,0.586363969553416,0.65100302480047,0.64945685489619,0.5808320971346,0.419270461425322
"Ifi27l2a","ENSMUSG00000079017",0.225726697931222,-0.330601640279663,-0.609564256895429,-0.949630756369564,-0.86715033622211,-1.04219038179382,0.74883302430416,1.37039541573962,-0.259593587901614,-0.222578615658585,0.116996802351455,1.81935763479432
"Irgm1","ENSMUSG00000046879",-0.252276007331268,-0.939026680467034,-1.18683880679749,-1.23731777134039,-1.13559125709489,-1.31072132743102,0.423049228051517,1.35076183188242,1.8559870896857,0.451517280652999,0.18420864368372,1.79624777650575
"Lgals3bp","ENSMUSG00000033880",-0.171083665324901,-0.673701044468078,-0.724431206098631,-1.12071920163835,-0.764299850705533,-0.999248345834825,0.908004915976493,1.28653694755553,0.100190427753201,0.513876228985145,0.283146671593947,1.361728122206
"Lrg1","ENSMUSG00000037095",-0.889614632302282,-0.291308358148122,-0.543055711837691,-0.32885927531062,-0.426236892433295,-0.493979068375988,0.973371640011223,0.535532845222196,0.0611936308856098,0.25617003460135,0.160461239649518,0.986324548038091
"C1qb","ENSMUSG00000036905",-0.691768821025478,-0.518201677045313,-0.516872380347468,-0.400288375944665,-0.80238780647639,-0.71172372588879,0.627941338772116,1.08855429103414,0.386542553053104,0.390138581914249,0.041377200619845,1.10668882133465
"C1qa","ENSMUSG00000036887",-0.601389593379075,-0.346905975544413,-0.588156907624776,-0.663756867983808,-0.594319183799804,-0.72329427262957,0.534473586428266,1.01675612184256,0.373196663433006,0.313751624640762,0.280245997265872,0.999398807350982
"Gbp6","ENSMUSG00000104713",-0.23813587620551,-1.00465914828278,-1.41392742671955,-1.26887370693261,-1.05991834657099,-1.28325442059833,0.479272884054836,1.18134220597556,1.6688054295859,0.611735535009318,0.717425751153785,1.61018711953038
"Stat1","ENSMUSG00000026104",-0.176404080668696,-0.747489413576316,-0.790334965621079,-0.800327206265744,-1.14834101700464,-1.12765807322133,0.146204197095153,1.39038664299617,1.17407289778583,0.317768902558533,0.260876462279012,1.50124565364311
"Ifi27","ENSMUSG00000064215",-0.121023309963874,-0.869286126522622,-0.994023314732482,-1.00407202251894,-0.922322082021682,-0.927102609222115,0.651100034914718,0.610648434691171,1.03567824977126,0.904989915007556,0.751258875945101,0.884153954651898
"Bst2","ENSMUSG00000046718",0.142418340937854,-0.86295954750704,-0.875736144848818,-0.997545298049818,-1.15560541105329,-1.05653957283582,0.928943080965857,1.20251439774923,0.790103759512393,0.211522933382435,0.272801419366806,1.40008204238022
"Lcn2","ENSMUSG00000026822",-0.709789753673868,-1.7407044077665,-1.87942645018264,-1.06670876803122,-1.08411614328075,-1.48879253121162,2.37182948083492,1.55460163540195,0.0489078433340824,0.832800949852286,0.715914920583389,2.44548322413997
"Psmb10","ENSMUSG00000031897",-0.499312866979087,-0.569489304643705,-0.520313629134782,-0.531756112269842,-0.55725544383431,-0.530020681720893,0.20672708292104,0.764243662868042,0.609187289659836,0.197426518813383,0.346853679803527,1.08370980451678
"Irgm2","ENSMUSG00000069874",-0.532569915225274,-0.728323093587773,-1.22538571380172,-0.712590244792096,-0.770558685248812,-1.03927157474243,-0.0981857568809206,1.40843034189823,1.70516064188934,0.33169389098786,-0.135787810582823,1.79738792008642
"Serpina3n","ENSMUSG00000021091",-0.898995329539006,-1.02165707448967,-1.6846945609744,-1.05137167678089,-0.782861178765391,-0.881023963002219,1.5614907413259,1.69234377208674,-0.314459646497087,0.581919166268447,0.389032938929732,2.41027681143784
"Psmb8","ENSMUSG00000024338",0.124894719697638,-1.03038383361735,-0.790523889468921,-0.890401896844215,-1.03394335102376,-1.03863870262614,0.31276154244432,1.21109214525593,1.0233928698089,0.197235586610756,0.644267480665628,1.27024732909722
"Timp1","ENSMUSG00000001131",0.0918795563299248,-0.89061859844777,-1.61529882417707,-1.765750274333,-1.34656629845664,-0.895671675802568,1.7177778264499,2.60662639460854,-0.660513484736637,0.00266119906964057,-0.00181443583313357,2.75728861532882
"Ctss","ENSMUSG00000038642",-2.22058671481062,-0.693463728442922,-0.572029189386017,-0.924736790629472,-0.733874032121503,-0.839874334915039,1.16914115054293,2.07713358524414,0.309037834741259,0.362513308879754,0.14828057948221,1.91845833141529
"F830016B08Rik","ENSMUSG00000090942",-1.59014737422942,-1.25789042017109,-1.21579661166808,-0.844046175049116,-1.62520339944883,-0.862536316356468,0.121310094503377,2.0347646076738,2.6381789756405,0.289608557682067,0.00795327828050585,2.30380478314275
"Ddit3","ENSMUSG00000025408",0.340038358460971,-0.988457893164811,-1.04475217793038,-1.17349748519458,-1.01781572647824,-0.797183312094867,0.335427257285119,0.283673556892946,1.22126482936599,0.512938789099712,1.61049051970778,0.71787328405036
"Ly6c2","ENSMUSG00000022584",0.142127263504896,-1.13249595898303,-1.1688552304967,-0.862726133183449,-0.749117362487113,-1.17838256483631,1.13109630594473,1.96891808453265,-0.0796842234732749,0.532920206359116,-0.556751908822137,1.95295152194061
"Fcer1g","ENSMUSG00000058715",-0.402360202271069,-0.34414270953635,-1.01081467851652,-0.861657024310113,-1.09799704036388,-0.722461482122933,0.975427308015445,1.67582615989838,0.512894056523971,-0.251328265489268,-0.0222125023814845,1.54882638055383
"Isg15","ENSMUSG00000035692",0.565185475031508,-0.506471901596685,-1.20883396289787,-1.59949901164546,-0.81892424375777,-1.73143518560544,0.692312458180781,2.02602434370317,0.158757990980168,0.109615409769238,0.133030599780337,2.18023802805803
"Ccn2","ENSMUSG00000019997",0.190432121349122,-0.710787062842067,-0.967152400308825,-0.669378736270044,-0.373376223779057,-0.528265239919346,0.771256686502053,1.00756124422442,0.529609004777166,-0.126138752342754,0.627621025075028,0.248618333534294
"Ifit3b","ENSMUSG00000062488",-1.02261983872996,-1.07020212766047,-1.34684133327162,-1.65373388100069,-0.971204415797995,-1.45337405776989,1.28622018391482,1.93046186287158,0.839442299992301,0.353160207384367,0.940613583989642,2.16807751607791
"C1qc","ENSMUSG00000036896",-0.272099276872252,-0.331101425635904,-0.312949192489505,-0.567547782867727,-0.694652412905549,-0.590770577506267,0.481912252661621,1.10025888988891,0.251734174857014,0.105652633731273,-0.141311822191971,0.970874539330358
"Apod","ENSMUSG00000022548",-0.377299635003341,-1.23970990506348,-1.13223176302489,-1.37882158935555,-1.61547041584365,-1.25858118648079,1.69157009846058,1.44493268217429,0.649999763291607,0.74810220392851,1.02686789667916,1.44064185023756
"Tap1","ENSMUSG00000037321",-0.00351920547006213,-0.633391083893192,-0.983791771735087,-1.45811363869113,-0.997208887540219,-1.10732529083302,0.134367977072773,1.34072354098979,1.52245307720392,0.408690928161595,0.121038558743039,1.65607579599159
"Cd52","ENSMUSG00000000682",-0.514057813097004,-0.484082657406807,-1.05725060014896,-0.910307516038373,-1.15330840995089,-1.22379463836293,0.946379643212496,1.87678265566005,0.449354795818792,-0.244571327225757,0.538635747342197,1.77622012019719
"Lgals3","ENSMUSG00000050335",-0.521647023040486,-1.32790445562454,-1.54568923305613,-1.2225259189473,-1.26351458686238,-1.17031931963609,1.85546711370387,2.30340828210137,0.185117826992412,0.0631067556600824,0.47704718461292,2.16745337409627
"Gbp2","ENSMUSG00000028270",0.0362042944659331,-0.631683259308224,-0.793192235140759,-0.644700152280606,-0.957485387604224,-1.04046465118024,0.174091477008768,1.25250858676895,0.48099760225296,0.259618982825733,0.150740595233025,1.71336414695869
"Ifi35","ENSMUSG00000010358",0.379114784160659,-0.700377264921031,-0.782306497258387,-0.656753574792243,-0.74142635513244,-0.604073832276007,0.244132219032582,0.951646819772766,0.414945156443428,0.167015533551328,0.286203948185358,1.04187906323398
"Usp18","ENSMUSG00000030107",0.466837014458028,-1.11652844761484,-0.908290704159808,-0.842345517278926,-1.52459316843784,-1.13715701849567,0.491729835287058,1.70444700960404,0.368056082668645,-0.00188580539875982,0.41353247945781,2.08619823991026
"Tyrobp","ENSMUSG00000030579",-0.244434896191867,-0.482455737829776,-0.414609808562301,-0.955596143895328,-1.00359128023675,-0.548710865481425,0.589718958484581,1.32597550029105,0.191905909770421,0.0574866952588007,0.301485329107578,1.18282633928502
"Tgtp2","ENSMUSG00000078921",0.546370662510206,-0.93437083069513,-1.12437072727058,-0.873136305123252,-0.666802914873048,-1.00677616769562,-0.33252491333527,1.34238938331461,1.12102728014958,0.332677355480261,0.0440894483574912,1.55142772918074
"Ifit2","ENSMUSG00000045932",-0.809897536696053,-1.24704118443312,-0.932827590521605,-0.941739947268347,-1.34223437830235,-1.29110387026134,1.16038258330595,1.96049196154499,0.522981975582369,0.0285692006019094,0.836974156764526,2.05544462968308
"Ccl5","ENSMUSG00000035042",-0.590393136645954,-1.18562874028162,-1.18238052924888,-1.65040946615122,-1.50717917347527,-1.83901386560779,1.02296048459908,2.11707003079227,0.960553632559381,0.750281835457752,0.87655613578676,2.22758279221549
"Cebpd","ENSMUSG00000071637",-0.515164821668493,-0.711498183343044,-0.61757341192985,-0.262898235562704,-0.333810308773368,-0.351045698098423,-0.252586542392148,0.821561605614538,0.286334057198592,0.670853994161194,0.220231210961116,1.04559633383259
"Tgtp1","ENSMUSG00000078922",0.262882376279833,-0.734240702776848,-1.112245342338,-1.04630015545712,-1.02916537540875,-0.751367181472522,-0.295630056027655,1.42852655823626,0.997330527225186,0.471896242135373,0.119348668583992,1.68896444102025
"Oasl2","ENSMUSG00000029561",0.478263222586794,-0.586134587527714,-0.700631029467677,-0.65628223241172,-0.795631590512513,-1.10916622938787,0.584956517268551,1.45820449127877,-0.226126910336537,-0.0315971994421256,-0.171501174500593,1.75564672245263
"Uck2","ENSMUSG00000026558",-0.862017859983154,-0.540951002226779,-0.498220996603418,-0.318840964974719,-0.46723484551077,-0.570811808286823,0.987556816507566,0.873028010228219,-0.00582708510569674,0.222107649808818,0.368226428043113,0.812985658103649
"Phf11d","ENSMUSG00000068245",0.485777909012667,-0.98603450063464,-1.24165738758657,-1.18964488249105,-0.698198125982069,-1.54681846224018,0.806953688137204,1.39391788806355,0.346380050766213,0.356814616649798,0.569825249174026,1.70268395713105
"C4b","ENSMUSG00000073418",0.284575963921808,-1.38147763783779,-1.48739358776246,-1.13079968576923,-1.35871623368596,-1.19626290200606,0.984831569978406,1.17597646664439,0.185795032132424,1.29425167161906,1.13797237136649,1.49124697139892
"H2-Q7","ENSMUSG00000060550",0.438720676867372,-0.813563382209651,-1.30517987299127,-0.932221755916221,-0.781078444782358,-0.632987280453955,0.984326890241083,0.744567622227243,0.628277169452804,0.156406109786241,0.4852358407178,1.02749642706091
"Oasl1","ENSMUSG00000041827",0.184913544674373,-0.836232357717659,-1.94418845319844,-1.81835960505657,-1.02936973324211,-1.43282096913445,0.906134670567341,2.15941261744641,0.00590002341563967,0.317492817477214,0.916619595950426,2.57049784881783
"Efhd2","ENSMUSG00000040659",0.200806961678062,-0.456002518397645,-0.718658662680711,-0.419037624779392,-0.549325933632116,-0.790896802840667,0.398279753403665,0.631993241379657,0.398313864553472,0.163217782883027,0.292635116322581,0.84867482211007
"Ccl6","ENSMUSG00000018927",0.712495324039601,-0.650038463689794,-0.572193190432948,-0.594375521895806,-0.838362398866001,-1.10276779010982,0.819468415971797,1.1436816037412,-0.133950369100243,0.239392486816893,-0.258903270747346,1.23555317427247
"Cxcl10","ENSMUSG00000034855",0.433999784219846,-0.91045938604374,-1.22657870006667,-1.25382720813509,-1.18028819852426,-1.60910303145624,0.46337566674559,2.24816757018771,-0.488453749741715,0.0196699901070243,0.716624257918085,2.78687300478946
"H2-T22","ENSMUSG00000056116",0.197501276125243,-0.854364052824484,-1.08337694958651,-0.951081838440185,-0.715553591909357,-0.67682586933128,0.78051599936185,0.878464537942302,0.980667292973157,-0.102703280746793,0.518950058876274,1.02780641755978
"Gbp7","ENSMUSG00000040253",0.143455389865088,-0.66542082461187,-1.10901752768664,-1.05611871219966,-0.543094257288438,-0.827715359309591,0.201469813017915,1.12625111868863,1.08467660116574,0.186765154111742,-0.0377356623732181,1.49648426662029
"Mpeg1","ENSMUSG00000046805",0.27166051457293,-0.613330804882991,-0.880110475673783,-1.03898447342268,-0.900905983512773,-0.82645468253212,0.919289361715024,1.76980969204471,-0.187202406306448,-0.197566955389792,0.0231720945861245,1.6606241188018
"Psmb9","ENSMUSG00000096727",0.309986067313222,-0.754411742801286,-1.06405421252194,-0.99867592195562,-0.845220758971979,-0.907780661450112,0.23786248656655,1.16819312748343,1.05773349189707,0.327802366601317,0.196186307144449,1.27237945069489
"Parp14","ENSMUSG00000034422",0.293321944533312,-0.165229343554188,-0.845793357755874,-0.973311752412327,-0.434382638077231,-0.646430232645973,0.00332191883111133,0.844079003315166,0.455131366330216,0.202124459698743,-0.000476219318097826,1.26764485105514
"Capg","ENSMUSG00000056737",0.479212207898676,-0.366710870720213,-0.75415116820266,-0.425147792960093,-0.693120634348825,-0.722028274537894,0.609356900529123,1.21768966031657,-0.555043201442817,-0.00970797966857972,0.0148554625545163,1.20479569058219
"Irf1","ENSMUSG00000018899",0.124813879780402,-0.684062334696557,-0.746940337357437,-0.662158497708691,-0.640235184374207,-0.516195757903225,-0.00357876651671152,1.04123807446174,0.390251674457439,0.209923787447949,0.0324675690705885,1.45447589333871
"Plac8","ENSMUSG00000029322",-0.338819502005811,-1.33442995766293,-1.23665253386877,-1.8799966212143,-1.18198208749455,-0.622330000980329,1.32743387594101,2.51580348139944,0.0432255660742848,0.220029626497571,-0.0216849726906707,2.50940312600506
"Cd68","ENSMUSG00000018774",0.0575107048986814,-0.924987449879014,-0.543577906969241,-0.58772049523022,-0.637151075226442,-0.50320788653896,0.831301396563748,1.42395996631643,-0.401352215980697,0.0864051859334234,-0.190977715088124,1.38979749120042
"Uba7","ENSMUSG00000032596",1.02753811458489,-0.596877163042399,-0.69941572699502,-0.643666956147534,-1.02522602367353,-0.89389881795695,0.298401650292424,0.909890492900802,0.168651162218806,0.0391359811611487,0.36041113956759,1.05505614708976
"Xaf1","ENSMUSG00000040483",-1.14213962088386,-1.24009440813265,-0.812982672597921,-1.59106967513386,-0.920256882935599,-1.12606513806227,1.07681281606893,1.28639115652674,1.26287091352699,0.309008759050573,1.24470977339297,1.65281497917995
"Ccl7","ENSMUSG00000035373",-0.0787235618852176,-0.789880138310319,-1.47383741013506,-1.02493443252209,-0.611060403491519,-1.23806602127949,1.22182190366356,1.67704211604114,-0.396444907502845,0.0498816008289964,0.345207177292708,2.31899407730013
"Ccl2","ENSMUSG00000035385",-2.67642303696376,-0.729849569416194,-1.07525271044788,-1.14797070601542,-0.00339372908052216,-0.600668337979038,1.84029526942546,2.17573988669296,-0.285598938771109,-0.25505547463505,0.101708083184294,2.65646926400625
"Cotl1","ENSMUSG00000031827",0.554537860313689,-0.304408347287507,-0.431022476648974,-0.520391235653817,-1.12286119739038,-0.709013858767506,0.590870466047317,1.3669368797,-0.26336871366447,-0.343588887109155,0.0229632727401201,1.15934623772067
"Parp12","ENSMUSG00000038507",0.24817798177325,-0.841798202142893,-0.786109119472703,-0.317671777304417,-0.447458856319562,-0.352037962657294,0.29038411811462,1.03477722180016,0.0573339435463556,0.254317165285361,-0.195046932696273,1.0551324200734
"Parp10","ENSMUSG00000063268",0.394393986527373,-0.474756728617026,-0.701249608504827,-0.594739566987025,-1.04332461316319,-0.707915293185128,-0.092196444947942,0.781474981824388,0.509863238892472,0.303976510280545,0.264100832072465,1.3603727058079
"Coro1a","ENSMUSG00000030707",-0.893146374423679,-0.485722308395885,-0.498281239981251,-0.231481985670378,-0.69187060814676,-0.91489189906198,0.786168868547054,1.5568079122938,0.1660887494034,-0.224480511542663,0.160604980553454,1.27020441642489
"Lcp1","ENSMUSG00000021998",0.244159194560623,-0.419861864899638,-0.369919399671314,-0.665210627776973,-0.482091280497879,-0.741892381089332,0.959742116431313,1.16948078633387,-0.106333664294513,-0.546268283847929,0.00437448102111659,0.953820923730659
"Gm49342","ENSMUSG00000021871",0.288763060869933,-0.438094904784139,-0.589193198739805,-0.392141385876607,-0.783426038201307,-0.541385581734342,0.228488880382634,1.04159998511461,0.136674623167466,0.0390011683595715,0.013058004930909,0.996655386511071
"Gbp4","ENSMUSG00000079363",0.321422201157225,-0.364002824506601,-0.872793223891708,-0.667711352357172,-0.228802735451471,-1.12059534933332,0.120336144974568,0.873915689351875,0.571001922412791,0.0698051502910984,0.137421733808128,1.16000264354459
"Zbp1","ENSMUSG00000027514",-2.4488814497273,-0.751604093827609,-1.2125854879874,-1.74555565936234,-1.00482180011554,-0.89828151345346,1.14097263014002,2.32375451014849,0.797395457113045,0.502186715772591,0.608489040128735,2.68893165117076
"Il18bp","ENSMUSG00000070427",-0.100936929539477,-0.600155396821012,-0.465146383013307,-0.419569092693425,-0.806303696571887,-0.650795401271739,0.426331245023559,0.95992913695066,0.432034139436707,-0.18927662081088,0.153700865455354,1.26018813385544
"Fcgr1","ENSMUSG00000015947",-0.0551651254928682,-0.827973125224817,-0.993536763035453,-1.23873911672611,-1.12682182568534,-0.536371459058157,0.917337784321384,1.9123434743066,-0.170400873799657,0.0403109470711049,0.03731191227432,2.04170417104899
"Ccl9","ENSMUSG00000019122",-0.659016753360113,-0.526323920233738,-0.873796086589464,-0.671478379798184,-0.0482011926565873,-0.567298341169452,1.17310380836605,1.54720595887585,0.203221766749017,-0.20880839114254,-0.730804656227848,1.36219618718701
"Gbp3","ENSMUSG00000028268",0.561841594456577,-0.798582786256495,-0.852359456527664,-0.799460641040684,-0.730206157232007,-1.13051366724131,0.346292782133659,0.996804757671876,0.832609275602519,0.0931187745997883,0.203568089290048,1.27688743454369
"Ccrl2","ENSMUSG00000043953",-0.634719412749942,-0.918131003786794,-0.727270448832053,-0.747765071407811,-0.473949973673575,0.180227248888257,0.495440072201969,0.383820502770099,1.12801877633157,-0.029289978043983,0.687164352303484,0.656454935998781
"Ifi205","ENSMUSG00000054203",0.154937701004788,-0.836344772351379,-1.06458104269924,-0.947158832396081,-0.390494525801785,-0.854374843101766,0.322374785412871,0.993656578510439,0.372982405352386,0.916402374840566,-0.079045787314822,1.41164595854403
"Fcgr3","ENSMUSG00000059498",-0.161892510455693,-0.399436221240152,-0.679605315928142,-0.545343410327301,-0.453544881673555,-0.480242190818241,0.535574194380593,0.988589836339601,0.213074980620584,0.249062505918508,-0.130682414588777,0.864445427772569
"Hsd11b1","ENSMUSG00000016194",-0.48492322905966,-0.361723592388175,-0.277558024998729,-0.438329710617763,-0.635508853166813,-0.686845566821661,0.52502757351801,0.473952557182245,0.262734668542683,0.823259599394468,0.0389992236402712,0.760915354775126
"Fcgr4","ENSMUSG00000059089",-0.219006692546569,-1.1144203420325,-1.34956744065283,-1.35588524104364,-1.06216927803531,-0.642255351940691,0.72806204315125,2.1244484604269,0.340570977261721,0.233058114574479,0.0601210692226415,2.25704368161455
"Inmt","ENSMUSG00000003477",-0.925635561185726,-1.30324879114833,-0.449734598975081,0.0198606411171376,-0.585500171251681,0.237587100596894,0.0197012841520605,0.200394105827969,0.737594387132283,1.19966263783078,1.01106004379325,-0.161741077889566
"Cxcl9","ENSMUSG00000029417",0.745566234948968,-0.66430212392445,-0.364893569512312,-0.440542301685134,-0.901961594561404,-0.746486959366028,-0.428089011975268,1.11304550730291,0.0200482608664707,-0.20863420842267,0.126502606104753,1.74974716022416
"Wfdc17","ENSMUSG00000069792",0.197167775595695,-0.328080586163209,-0.523158077865949,-0.407630381940417,-0.526848601740985,-0.900947421509355,0.250949349251562,1.19416139514914,-0.155069429253428,0.0358443512391773,0.0367176333779202,1.12689399385984
"Ifi211","ENSMUSG00000026536",0.153188734649054,-0.804257813930135,-1.04125834895794,-0.359669633408175,-0.738658391328443,-0.654481134624918,0.480356372629503,1.35593787659045,-0.230548783989724,0.444287120586766,-0.110541070173632,1.50564507195719
"Cd274","ENSMUSG00000016496",0.745932500414288,-0.846110078412112,-1.14342010004569,-0.622350256172796,-0.735631563760967,-0.65410271823999,-0.539939944994043,0.968338195536834,1.59561197727297,0.306919983681879,-0.283730901802996,1.20848290652262
"Ifi44","ENSMUSG00000028037",0.346229847913445,-0.510824083515056,-0.441016982632971,-1.34159714444149,-0.868053430003041,-1.27150466589538,0.680444081423688,1.61408711091614,0.136311130105263,0.00396045764796149,-0.241036991551214,1.89300067003266
"Fkbp5","ENSMUSG00000024222",0.111337556923376,-0.712128034331793,-0.705364334176048,-0.454129912028724,-0.907805473330536,-0.94897364781558,0.324369619747886,0.277491828044897,0.922350946678932,1.17188261974126,0.201165466166543,0.719803364379791
"Ifi204","ENSMUSG00000073489",0.163170597408182,-0.693883334020319,-0.624076233138235,-0.688255335676489,-0.481341265877423,-1.12647266321981,0.454478321868753,1.69750196062565,-0.321178935745592,-0.0449526429063711,0.0617586182009644,1.60325091248069
"Dtx3l","ENSMUSG00000049502",-0.0876417743188966,-0.185170750316507,-0.628402396646947,-0.600500142376125,-0.583365362327754,-0.393626890351671,0.564039678256035,0.793574046830427,0.240260925323292,0.107941739195906,-0.455467679113258,1.2283586058455
"Parp9","ENSMUSG00000022906",-0.0438514234244245,-0.116677974889098,-0.311755466591838,-0.457800218240849,-0.763996111215897,-0.939882521442583,0.0383746327735981,0.941563357914475,0.510992964652451,-0.0156041113067156,-0.0761109747123427,1.23474784648322
"Ifih1","ENSMUSG00000026896",-1.02211032191108,-0.533328950639815,-0.44086388285247,-0.481111813925668,-0.392846035729614,-0.952920634003367,0.482333052938285,1.18886118907195,0.278661710458711,0.0980687026217568,0.429911340162096,1.34534564380922
"Ms4a4c","ENSMUSG00000024675",-0.493998428007157,-0.948645804907246,-1.68997424395214,-0.865867318141043,-0.303364653449557,-0.787033171803138,0.971348553993916,2.67173719480736,-0.00587886493300971,0.0825557162053485,-0.926458370419157,2.29557939060582
"Phf11b","ENSMUSG00000091649",-0.121970360642597,-0.923696363121749,-0.728832325818466,-1.66314747985108,-1.06714092777159,-1.57003121880564,1.16080319670429,1.95487122683501,0.100423684653434,0.174184631921537,0.615246495528414,2.06928944036844
"Cmpk2","ENSMUSG00000020638",0.994110484887556,-0.902126504139078,-0.829527774952808,-1.02890134710673,-0.482445979507721,-0.841845062812936,0.340340166903874,1.042526870584,-0.102184909564501,0.0617795585479417,0.383448506678342,1.36482599048206
"C3ar1","ENSMUSG00000040552",-3.10726880341859,-0.23525674943617,-0.475529547203662,-0.674903119357586,-0.434239495535355,-0.826675104004405,1.3481810581857,1.57032446447702,0.807702282089783,0.230391297851819,0.236945358241035,1.56032835811042
"Ms4a6d","ENSMUSG00000024679",-0.30456798885135,-0.711913306248094,-0.74565881000705,-0.648017318550815,-0.963095505027042,-1.48127620329357,0.564852738649421,1.89569020934635,0.151131720670371,0.505547632936891,-0.0644754096399849,1.80178224001487
"Slfn2","ENSMUSG00000072620",0.422981942029653,-0.489939494405627,-0.657920281279618,-0.89020637903839,-0.772124077186488,-0.473049155988505,0.604396901839858,1.13901391727819,-0.43264121537245,-0.0471223586538292,0.0551560372352924,1.54145416354192
"Nmi","ENSMUSG00000026946",-0.48952516028234,-0.479281358556336,-0.495189198871958,-0.814921253530792,-0.381133816597812,-0.661733237085919,0.427866027886144,0.927896776036436,0.739159117599129,-0.102575953975173,0.509169047371066,0.820269010007556
"H2-T23","ENSMUSG00000067212",0.366216937357428,-0.73369588798948,-0.77034095988465,-0.558552497676164,-1.14172173332191,-1.45589469964668,0.274027217931669,0.955694992156218,0.77932639462747,0.205140817397414,0.623615272785488,1.4561841462632
"Aif1","ENSMUSG00000024397",0.00996750250395806,-0.378107498857849,-0.779732760226011,-0.472344645733727,-1.33047589937167,-0.910561973277049,0.603537407605551,1.58952827359468,0.34538022504499,-0.232918457715061,-0.133147631208653,1.68887545764084
"Rac2","ENSMUSG00000033220",0.727604929183911,-0.594546319190195,-0.555709926821101,-1.22831620480651,-1.30437209554948,-1.16837737408156,0.636598992093467,1.45858827786642,0.567542260536026,-0.0462101322154771,0.32602585348667,1.18117173949783
"Oas1a","ENSMUSG00000052776",0.286400973965424,-1.01260584490061,-1.00506372547411,-1.18143086985196,-0.705743256433981,-0.709424404078158,0.761169838102846,1.87762802156787,-0.168028078494225,-0.185604579288076,0.179390215472326,1.86331170941265
"Gzma","ENSMUSG00000023132",-2.43762378781775,-1.04190931100815,-1.06918117754517,-1.73429799745279,-0.781783014927649,-0.996664831598072,0.463902978638947,1.85433749645588,1.58402115273802,0.228442912733488,1.97689046928014,1.9538651105031
"Pld4","ENSMUSG00000052160",-0.633398423696683,-0.718038363743521,-0.36852050745605,-0.895398681120434,-0.4663528340957,-0.82180334920266,0.473010665411939,1.1931690324241,0.285288487045965,0.494394363329047,0.497968357779485,0.95968125332451
"Aldh1a2","ENSMUSG00000013584",-0.801217941537078,-0.44355360057064,-0.733693066959758,-0.857640674294965,-0.694735799349588,-0.192328343253775,1.30525667063303,2.04063330430371,-0.573949856597991,-0.697484624504252,-0.31417914255591,1.96289307468721
"Ms4a6c","ENSMUSG00000079419",-2.60241450818057,-0.905137152280875,-0.710273114977593,-0.0884424816525247,-0.677787033607307,-0.681398834144413,1.27589553537641,2.19051793934867,0.982222302667454,0.348653657319325,-0.845188367861419,1.71335205799284
"Lst1","ENSMUSG00000073412",0.519673876700863,-0.471608596655304,-0.751513575159263,-0.86928080484615,-0.662366735047084,-1.23593784885744,0.751061280709475,1.083119630675,0.31295981489858,-0.045592730103782,0.15535764739712,1.21412804028797
"Rigi","ENSMUSG00000040296",0.256910194668401,-0.700536353910787,-0.573982851042381,-0.476776531671471,-0.204583216664521,-0.782721189352365,0.297469035415788,1.13812601581772,-0.0161859691198663,0.095834074708387,-0.252578096633377,1.21902488778447
"Oas1g","ENSMUSG00000066861",-0.23613147620777,-0.450007236245987,-0.677222297363471,-1.05756386732884,-0.730994890220291,-0.81411916055046,0.760473944481715,1.34193565208474,-0.241887565974709,-0.261394324120144,0.528851145818882,1.83806007562634
"Slamf9","ENSMUSG00000026548",0.569107367637893,-0.825475312252951,-0.650411376066136,-0.742610964124588,-0.986996100523941,-0.818741499236723,0.752799745068518,1.49886903872659,0.129883751643884,0.189227249278518,-0.0975991258873083,0.981947225736243
"Cnksr1","ENSMUSG00000028841",-0.298950055968887,-0.792335961599178,-0.836187708916813,-1.07313963926903,-0.572015883165713,-0.689809365454174,0.791101846022693,0.724137336771752,0.534471740819153,0.7683250870329,0.935886843868859,0.508515759858437
"Nmrk2","ENSMUSG00000004939",0.327200922136656,-0.630245626442532,-0.753701301172615,-1.28177912611006,-0.47624209389026,-0.71243046188411,0.964977210075598,0.642326089814251,-0.0280706581022105,-0.308723860891683,1.33229440276529,0.924394503701675
"Trim30a","ENSMUSG00000030921",-0.333123828816252,-0.873714467625197,-0.412232911425165,-0.404041377546283,-0.237075871166093,-0.435793839613478,0.724515253276422,1.03215166956119,-0.304628672619295,-0.0494061944331259,0.0659155439709034,1.22743469643637
"Spi1","ENSMUSG00000002111",-0.243950146317878,-0.632025147679685,-0.36688020014343,-0.726262294555563,-0.567205013200368,-1.23977552436146,0.813688935774796,1.27582075666172,-0.0235928715966978,0.206258215899696,0.298376157687708,1.20554713183116
"Scx","ENSMUSG00000034161",-1.58367240267545,-0.25755866418819,-0.199373372643593,-0.726457726378537,-0.745393452510152,-0.343127452563685,1.03399770308449,0.383362027883401,0.378546543581662,0.230021650293834,1.67990541949075,0.149749726625467
"Socs3","ENSMUSG00000053113",-2.57435951038044,-0.118665974423657,-0.682218117177466,-0.32051417837357,-0.289868490250741,-0.498604811395719,0.624981171636294,1.08305588438839,-0.131415084729287,0.550529827099502,0.350136761517553,2.00694252208914
"Ms4a6b","ENSMUSG00000024677",-0.381092660323971,-0.594968420362188,-0.745933546454319,-0.830022714573963,-1.12898604183421,-0.537212720403851,0.979417228665531,1.81916553787373,0.275383223101715,0.107452215285859,-0.308646307988335,1.345444207014
"Cxcl16","ENSMUSG00000018920",0.474785741787255,-0.764677366900122,-0.556439623445086,-0.77224765668911,-0.544357288466657,-0.377407352399511,0.449929664623137,1.14613047504895,0.10184452240857,-0.13871218846699,0.208026116963536,0.773124955536035
"Tmem106a","ENSMUSG00000034947",-0.529805181858386,-0.62775996910717,-0.450657411170932,-0.294524622895253,-0.809464917051079,-0.51373069903679,0.605955680035707,1.29139626797257,-0.00402920927454442,-0.00567997089000016,-0.1395351239646,1.47783515724048
"Cd72","ENSMUSG00000028459",-0.122475588927918,-0.753313367005338,-1.13198476218925,-0.6852111020463,-0.870368970438156,-0.968985156769293,0.96837513256056,1.989085570075,0.368687688532961,-0.147738436840291,-0.239749740486629,1.59367873353465
"Clec4a1","ENSMUSG00000049037",0.149077495828323,-0.560656806604828,-0.812023681621588,-0.870455432476865,-1.13682232584798,-1.06900548126763,0.545349793038433,1.11780143116321,0.661264824133007,0.306726125931291,0.493575623188168,1.17516843453646
"Ccl12","ENSMUSG00000035352",-0.251493483095469,-0.832725376604261,-0.617044572838546,-1.98548718311113,-0.43165439186128,-1.70527129862146,1.30087084965294,1.45750009887314,0.112087847235269,0.266285980214147,0.235545315885699,2.45138621427095
"Cd53","ENSMUSG00000040747",-2.8507184869077,-0.506466429687022,-0.218979230692772,-0.33674646037966,-0.278445836726744,-0.570124787493516,1.10042143633705,1.84854306966884,0.304760754896828,-0.326439865395475,0.54460506064518,1.28959077573499
"Ptpn6","ENSMUSG00000004266",0.0264157675074754,-0.683318534925676,-0.707242935890307,-0.674463128399342,-0.875034858945811,-0.18000963007242,0.629804892474742,1.1648117096465,0.378546283424669,-0.00132209083482682,-0.102761977555383,1.02457450357038
"H2-Q6","ENSMUSG00000073409",0.364641793887558,-0.73527103145935,-0.829805289719435,-0.862045874427004,-1.00992053835831,-0.674989590133208,0.405200634634945,0.174036734014082,0.505363832260629,0.637136407041453,1.16882188871043,0.856831033548207
"Nlrc5","ENSMUSG00000074151",0.510931059875451,0.0957498284264187,-1.25329657322138,-0.422101215676256,-1.52922589950657,-0.778712200752541,0.00983009626148856,1.34928656158318,0.449314872399439,0.454652080429822,-0.32815997254465,1.44173136272561
"Ccl8","ENSMUSG00000009185",-1.89281685615823,-0.740055049651362,-1.59887183408543,-0.530692046276457,-0.338984064908381,-1.37806014713081,0.769393240455394,2.00844998218484,0.268370692817937,0.580923654308239,0.488912350661901,2.36343007778236
"Lilrb4b","ENSMUSG00000112023",-1.04213063529716,-0.829550867765259,-0.434768585715759,-0.430259304005299,-0.696626197376414,-0.85510866127667,1.10218570824415,1.44271005908268,-0.0131275582709689,0.315635912016877,0.00200678483523031,1.43903334552859
"Hcls1","ENSMUSG00000022831",0.491407327133106,-0.499875146223061,-0.583359074277163,-1.15767404893508,-0.356040779159483,-0.287595450404644,0.539620542302803,0.936386630014307,-0.136203547205159,0.11152720877373,0.00869553300170356,0.933110804978941
"Slfn4","ENSMUSG00000000204",-0.246130775293619,-0.96613157055621,-1.23341235189133,-0.617999665427505,-0.784373325879953,-0.429524539035438,1.84104412352627,2.1616775553395,-0.633321020391284,-0.311827038539505,-0.789955648583411,2.00995425673249
"Cfp","ENSMUSG00000001128",-0.122255511605226,-0.32921577207526,-0.653933417602378,-0.604567659842911,-0.967425004674727,-0.0673757284401111,1.06194299975053,1.14461409341323,-0.315109491397489,0.101403202082227,-0.30240179867697,1.05432408906908
"Ms4a7","ENSMUSG00000024672",-0.922287450891188,-0.959003795007157,-0.251984368744046,-0.720013305646387,-0.905171174038243,-1.33398600697022,1.14532604716476,1.84751275084489,0.56036029858006,0.331267083081825,0.00142543937332906,1.20655448225237
"Ifi207","ENSMUSG00000073490",-1.25939121847053,-1.04681145093862,-0.786801006450429,-0.561019234425181,-0.369854522695364,-0.373962950131386,0.706227274636768,1.44748954606076,0.418955840047103,0.554302834498757,0.21452465315528,1.05634023471284
"Irf8","ENSMUSG00000041515",0.0228936095703531,-1.02681709764781,-0.289982600824348,-0.308871501489479,-0.0755299633433131,-0.570796131561475,0.395033520684239,0.811096551937206,0.0167760706443474,-0.178232214252398,-0.157252677501391,1.36168243378406
"Gpnmb","ENSMUSG00000029816",0.384429052351487,-1.10846221969251,-0.81033654782126,-0.934284155156467,-0.532356984477831,-0.331261423000053,1.16992179331149,1.37998976566485,-0.389741859324433,-0.42135315820121,0.0871200108608461,1.50633572548509
"Hmox1","ENSMUSG00000005413",-0.753111337551228,-0.643905522526151,-0.423954389265285,-0.517830778588095,-0.531228599602963,-0.583220695215862,0.818249096553067,1.03984658834356,0.444097950342701,0.295573057054873,0.0118712844754238,0.843613345979964
"Trim34a","ENSMUSG00000056144",0.854457863102922,-0.540124816787921,-0.175114724031958,-0.794623512965264,-0.641895305961035,-1.04801004824999,-0.0406919077576848,0.736018272160448,0.107010396832397,0.00938364191009278,0.295745316687493,1.23784482506049
"Selplg","ENSMUSG00000048163",-0.296559214197949,-0.510434974236166,-0.273067117443301,-0.85929472731633,-0.716064434640383,-1.47326742864017,0.925033649571189,1.2648608097603,0.450714334263553,-0.0851694046084717,0.261807917279243,1.31144059020848
"Gdf15","ENSMUSG00000038508",-0.19138622351586,-0.905139363069517,-0.888871007301723,-1.32826477201293,-1.63690710390264,-0.853447866523247,1.45947879709398,1.38668090477665,0.227956155215798,0.675257942057212,1.27761628976039,0.777026247421875
"Clec12a","ENSMUSG00000053063",0.126688074738328,-1.08434588120221,-0.663012187991641,-0.714042071348022,-0.350469641042474,-0.654103240623074,0.932011098044213,1.54532159847982,0.0114523264315398,-0.39585558956093,0.27996896104639,0.966386553028062
"Pirb","ENSMUSG00000058818",0.392201927857927,-0.881537990772688,-0.28978806738376,-1.03692818649432,-0.82208135005856,-0.570601598120887,0.905114011802188,1.15269335935688,0.0853849964323468,0.184078687543374,-0.195064911606733,1.07652912144424
"Cnbd2","ENSMUSG00000038085",-0.107601652591423,-0.522782884040454,-0.841260355989205,-0.227895054644992,-0.799970304320898,-0.34907568166683,0.308777303521598,1.12608430419676,0.496294118508557,0.715172355945978,0.042696312880464,0.159561538200441
"Sprr1a","ENSMUSG00000050359",-1.52163397887963,-0.368872172372762,-0.592636448465578,-1.52163397887963,-1.00540340243751,-0.805187554473971,1.14057611773399,2.34174696408431,-0.288638957788591,-0.0453448998659112,0.235592161439517,2.43143614990577
"Adgre1","ENSMUSG00000004730",-0.604504861149918,-0.314184305233068,-0.581012764395271,-1.1672403742683,-0.479977823737938,-0.700913785894862,1.19332142078575,0.956915162808332,0.433964467308637,0.176493589620092,0.341175874438584,0.745963399717961
"Serpina3g","ENSMUSG00000041481",-1.57479622953337,-0.886216942763566,-0.645798699119319,-1.18069150994763,-0.679162369778259,-0.858349805127712,0.0546473554522411,2.18927439163193,0.456231526649093,0.551716488273827,0.182429910785777,2.39071588347699
"C4a","ENSMUSG00000015451",-0.561460930181554,-1.28146172544414,-1.36645709978316,-0.767002299248872,-1.24197215220515,-0.854495673977535,1.01878067705549,0.984540535603499,0.622891106913287,0.861820089100946,0.854110430876576,1.73070704129062
"Ifi30","ENSMUSG00000031838",-0.286559200581097,-0.562086383926162,-0.26306710382645,-0.531717226953071,-0.321615225800514,-0.504968859545754,0.757938315675587,1.44819675237723,-0.897612695507532,-0.119495858408701,0.271807930896094,1.00917955560037
"Ifitm1","ENSMUSG00000025491",-0.504099545182727,-0.779626728527791,-0.424951774495273,-0.202272728887383,-0.656279663648348,-0.33420890284736,0.391670938576888,0.514957784214401,0.27221293017522,0.494874328853984,0.14646215751222,1.08126120425617
"Themis2","ENSMUSG00000037731",0.918357489995607,-0.578874889315682,-0.554899076414132,-0.769469502359332,-0.606564627413955,-0.610098754245649,0.257915140616056,0.970028375285659,-0.349465439270707,0.126065649647816,-0.283813451517887,1.48081908499221
"Trim21","ENSMUSG00000030966",0.727398394653877,-0.129655536774624,-0.580087027735694,-0.960428597701063,-0.558501427022427,-0.80105784958738,0.0669560452743259,0.997104880619622,0.124997212083018,-0.0648934456939143,-0.111692637766224,1.28985998965048
"Phf11a","ENSMUSG00000044703",0.475090618217473,-1.33533345339157,-1.27720061674343,-1.06608650099101,-0.828161590732044,-0.701617596224744,0.594246566563308,1.4941479476146,0.137274808814798,0.0356402942102276,0.715183197428838,1.75681632523355
"Fam107a","ENSMUSG00000021750",1.00152875811539,-0.872274375434996,-0.952705118933988,-0.607451290131331,-1.33228359402949,-0.376930894845995,0.00468550235344267,0.0254418713152136,1.06000388126972,1.36473221114933,-0.225975501444145,0.911228550616853
"Chil3","ENSMUSG00000040809",0.163636329136408,-0.881778084109448,-1.27641234880645,-1.17625265129351,-0.516874892887188,-0.676990221085089,1.56791195367013,1.62067218613012,-0.59606693056038,-0.20059180760315,-0.165442580073116,2.13818904748167
"Fcgr2b","ENSMUSG00000026656",-1.08061162457944,-0.0252814102994083,-0.539062322813884,-0.560759992588232,-0.350657991435675,-0.471722026296137,0.705148223005528,0.864781233671722,0.1037404125154,0.342669394703059,-0.0364742044470479,1.04823030856412
"Slc15a3","ENSMUSG00000024737",0.286161177817057,-0.609252471668873,-0.508022705235592,-1.03875025902332,-0.461732203693181,-0.560348390024318,1.0160913025029,1.42226226501667,-0.324892317109378,-0.544544743792012,-0.172675892589092,1.49570423779914
"Irf5","ENSMUSG00000029771",-0.638696050745658,-0.587439531936132,-0.667870275435124,-0.559979567228829,-0.621579773892713,-0.931730794541639,0.885241701734377,1.14537093701465,0.0702546748898341,0.540951926207969,-0.0425625607003361,1.4080393146336
"Hck","ENSMUSG00000003283",-1.78602266708184,-0.925580937618863,-0.695209404197296,-0.611930745543372,-0.460781666851148,-1.06957624267618,1.04005831078201,1.68242562542026,0.375164881894333,0.340490050725363,0.188439043867633,1.92252375127909
"Mmp3","ENSMUSG00000043613",1.2359787055053,-0.637824428045084,-1.33226138398573,-0.894622315921928,-0.671964670001665,-1.10077950293364,1.43643860049808,1.34099597429503,-0.535124783417861,0.0506658635961994,0.192148056108222,0.916349884303095
"Dhx58","ENSMUSG00000017830",-1.76920419446918,0.177369273078381,-0.678390931584645,-0.59511227293072,-0.443963194238497,-0.875837044675021,0.552006739498094,1.62147204959608,-0.536209173378144,-0.193718991033382,0.802245516245296,1.93934222389174
"Spata24","ENSMUSG00000024352",-1.15283582469798,-0.601701926373019,-0.680245612677886,0.038537101322051,-0.882689580347322,-0.318636478427083,0.312511157303089,0.556157757270623,0.650643162123753,0.333113363739535,1.14716896244586,0.597977918318385
"Oas3","ENSMUSG00000032661",0.0385869398439853,-0.416060437056104,-1.157388876101,-0.737580521001317,-1.17917618372956,-1.41519087568201,0.731724922219787,1.96200863459715,-0.0528048591517929,0.142320256876812,0.210214614478685,1.87334638470536
"Mx1","ENSMUSG00000000386",0.242971715060431,-0.630580255492257,-0.254726023215334,-1.09691726536949,-1.49102198495523,-1.21080610046556,0.655125382242553,1.84537486749047,-1.02023018692661,-0.121256421679128,0.940527107860808,2.14153916544935
"Pla2g7","ENSMUSG00000023913",-2.43448153064724,-0.931088627925511,-0.0301847484844346,-0.621771347114747,-0.683371553778631,0.184940437707565,0.879753776605464,1.50370170566108,0.154396970038039,0.516586634852655,0.343649589500817,1.11786869358494
"Iigp1c","ENSMUSG00000073555",0.355831716648608,-0.990409835223367,-0.438352166404041,-1.18534540255988,-0.699111992118471,-0.490677851192767,-0.0604405548588991,1.57917821244181,0.535391187417865,0.278195920598474,-0.309840737896134,1.4255815031468
"Mx2","ENSMUSG00000023341",0.508671868192578,-0.594617013376663,-0.50083730506875,-0.628206680304491,-1.27196300308918,-1.47557478115884,0.155815877011518,1.75302955566605,-0.439751233093593,-0.000997839151889224,1.03495004480994,1.45948050956331
"Pou2f2","ENSMUSG00000008496",-0.175705168457638,-0.583050485854383,-0.782567133633507,-0.861998343303992,-0.155582067851555,-0.59895382785176,0.583222925659214,1.31713636124261,0.541932922650426,-0.200968016370012,0.141429360857503,0.775103472913093
"Sp110","ENSMUSG00000070034",-0.0276021192646771,0.0325350493851397,-0.320021565607762,-0.849034510385747,-0.686129635440369,-0.526146680921375,0.219865502721355,1.01563594761245,-0.189855464983828,-0.0528649671770509,0.172369655631566,1.2112487884303
"Slc10a6","ENSMUSG00000029321",-0.0639530578767582,-0.339480241221823,-0.858136940929407,-1.03450408530726,-0.72248057405245,-0.103024299337221,0.665977066809087,0.955104271520369,0.0714610334778394,0.717045392893252,-0.341923917258772,1.05391535128314
"Slfn1","ENSMUSG00000078763",0.139444267118249,-0.905970146127607,-1.05653154882673,-1.20044471331167,-1.31346633982264,-1.07979272386999,1.06766066371621,1.92351125487856,-0.0439691758047398,0.531963284909786,0.0823326102884123,1.85526256685216
"Apol9a","ENSMUSG00000057346",-1.64657099642516,-0.250856519615557,-1.64657099642516,-0.943245206060198,-1.13034041998304,-0.453581807263414,0.674639937542119,1.16133031656419,1.30813207147541,0.10892702099496,0.879735930767453,1.9384006684284
"H2-M3","ENSMUSG00000016206",0.550979185460466,-0.112811970355867,-1.01290019955927,-0.468553742844723,-1.06330879728364,-0.53382507473806,0.260079240638414,0.842996620616579,0.309478704884173,0.060799576464305,0.364613463331122,0.802452993386496
"Ifi209","ENSMUSG00000043263",-1.6445768642808,-0.955997577510999,-0.553763601396264,-0.686750625110445,-0.926208377183714,-0.75120971448664,1.36320007293365,1.79841041770346,-0.00197496326092095,0.829163646185667,-0.239662073474667,1.76936965988167
"Slc11a1","ENSMUSG00000026177",-0.755916425252293,-0.266433950234175,-0.148554375670889,-0.439836821139102,-0.565282650694694,-0.274417265863628,0.172299971345671,1.39253812463915,-0.0990860270753036,0.220483042700367,-0.213299326803728,0.977505704048625
"Spock2","ENSMUSG00000058297",-0.97059799972563,-0.545519597684573,-0.646679162518147,-0.45074636773442,-0.298018160730192,-0.244659582822909,0.402144300877932,0.142660730441432,0.599190072395412,1.48358026840882,0.503317871900178,0.0253276271920901
"Gbp5","ENSMUSG00000105504",-0.706053453430891,0.0682968747376602,-0.164504151665334,-0.3899738493177,-0.5995713112434,-0.603105438075095,0.346777880352382,1.00294012853772,0.281350250228322,-0.249545189233522,-0.163436354982326,1.17682461409219
"Lyz1","ENSMUSG00000069515",0.210583132482179,-0.330007506326766,-0.510158040502332,-1.10813007502578,-0.379127503272451,-0.864685368247395,0.89261739820369,0.631367802619216,0.169002025617015,0.339188295196393,0.303060170249367,0.64628966900686
"S100a8","ENSMUSG00000056054",0.660773821337768,-0.75805067072738,-0.570461666026449,-1.02705317101717,-0.553509456578718,-0.704165341552799,-0.277492455883483,1.03873690757737,0.991588507997828,0.688478185248315,0.320657396721265,0.190497942903451
"Nckap1l","ENSMUSG00000022488",0.617113548480349,-0.727345621783237,-0.690371873909221,-0.592730382452986,-0.463793391002665,-0.4054011128334,0.480649071932325,0.931102147134459,-0.159405910447089,0.0468739398106131,0.24417816688664,0.719131418184214
"S100a9","ENSMUSG00000056071",0.662295933511814,-0.47962585106712,-0.810960632897925,-0.653028721972047,-0.551987344404672,-1.15250208982706,-0.327958866131399,0.739885255883369,0.513539423386009,1.02788718194973,0.692221521451984,0.340234190117315
"Casp12","ENSMUSG00000025887",-2.38242302994384,-0.158946854910065,-0.106880028162626,-0.332349725814992,-0.302924892007434,-0.306668330959122,0.755846294605538,0.777688938085006,0.642356301018841,0.0389445323848658,0.189026680770636,1.18633011493319
"Nmral1","ENSMUSG00000063445",-0.947728330001367,-0.896471811191841,-0.217115761248452,-0.631648725888176,-0.397231009887328,-0.221789913098647,0.953042190255909,0.539576416067264,0.0812747470248274,0.341406539330202,0.879444730041007,0.5172409285966
"Cd300c2","ENSMUSG00000044811",-1.88215359044686,-0.48643911363726,-0.791340327562323,-0.0694434069143726,-0.828671112454798,-0.441194634227182,0.780056506166763,1.5349152544559,0.960607648260844,-0.306668387011059,0.0923081205026066,1.43802304286774
"Nkg7","ENSMUSG00000004612",-1.63182365494409,-0.47906184843722,-0.702826124530036,-1.23771893535834,-1.35074056186932,-0.738456505149925,0.575069393967333,1.78524518995868,0.590289608145719,0.49468906286311,1.10727228264612,1.58806209270797
"H2-T10","ENSMUSG00000079491",-0.152875529756724,-0.783713307834144,-0.37633588635435,-0.715611042875106,-0.647738943769244,-0.504563905618811,0.454857112483655,0.539150668873806,0.909368586428824,0.101519326411141,0.527153349347802,0.648789572663148
"Clec4a2","ENSMUSG00000030148",-0.353402503868466,-0.30214598505894,-1.34068408046618,-0.558943872935783,-0.533563412634276,-0.536796267610285,0.920380733330322,1.19259896191659,1.15888070295622,-0.17187532412665,-0.586015706232053,1.1115667547295
"Il1rn","ENSMUSG00000026981",-1.08137582703427,-0.587936443352771,-0.543357942963588,-0.687271107448522,-0.800292733959497,-0.364929402628607,0.865492727409985,1.87787265672415,-0.107085386715394,0.0483781815987347,-0.838787355394672,2.21929263376445
"Rpp40","ENSMUSG00000021418",-0.254806486517792,-0.594737742839918,-0.776403221529665,-0.817541999636174,-0.130279449105812,-0.238732003696196,0.445530837120098,-0.0279849944900965,0.709893247184412,0.61183767905528,0.714935325733507,0.358288808722355
"Gzmb","ENSMUSG00000015437",1.03764679012521,-1.19364276471512,-0.714644444835687,-1.46135656825363,-0.945125991811516,-1.46135656825363,0.254226867774227,1.66716069591959,0.267747703806633,-0.206611387219848,1.01834927710378,1.73760639035999
"Epsti1","ENSMUSG00000022014",0.462287332202194,-0.251465807351464,-1.1077184957626,-0.508263695228307,-1.14108216642154,-0.384222235639181,0.228467975227127,1.21422927210202,0.185397236913158,-0.0473823751422739,0.0662923519629031,1.28346060713795
"Vav1","ENSMUSG00000034116",-1.81291557287508,-0.417201096065481,-1.27489768880441,-0.284463241926741,0.266582565061326,-0.371956616655404,0.133952981569168,1.21644103774018,0.148346212079665,0.024811444173404,0.844791017405094,1.52650895829828
"Trim30d","ENSMUSG00000057596",0.452377461154637,-0.261375678399021,-0.445455570708326,-0.518173566275864,-0.721384896993519,-0.724330753287581,-0.0302273489789391,0.948102473313919,-0.235913753406575,0.0129271371473907,0.174406601772622,1.34904789466126
"Gsta1","ENSMUSG00000074183",0.0918654302516799,-1.2543761216203,-0.514996534924189,-0.72956696086939,-0.256023246430937,-0.191645068722837,0.211021378597515,0.65603520455513,-0.596425784309531,1.21204445478452,0.937076233532463,0.434991015155866
"Lair1","ENSMUSG00000055541",-1.75563679553353,0.336021245448567,-0.387194185260948,-0.0780658282757583,-0.86000293577842,-0.704694295317735,0.67149488685793,1.27371981508173,0.524933174434066,-0.000138778113413895,-0.565467968807664,1.54503166526518
"H2ac24","ENSMUSG00000094777",-1.84742359194418,-0.451709115134573,-0.357929406826659,-0.318971260995832,-0.191582819054072,-0.525128448007548,0.978657385919675,1.46104802529453,0.694431530361904,-1.00573796099414,0.255584786195378,1.30876087518552
"Sema4d","ENSMUSG00000021451",-0.128239646954604,-1.00179161750729,-0.493790736697681,-1.1589075566053,-0.4181736973585,0.138225449751881,0.512909812999236,1.63123439583318,-0.133129074909999,-0.19393591020049,0.112228363979204,1.13337021767037
"H2ac23","ENSMUSG00000094248",0.860433994123929,-0.983088374134931,-0.767407570369216,-0.458279213384026,-0.691790531030035,-0.298908465270343,0.482309126082879,0.927322952040495,0.254973917550851,-0.220329300884323,-0.230228805991439,1.12499227126615
"Lrrc25","ENSMUSG00000049988",-1.63204504544481,0.388893743904313,-0.88533292202687,-0.674218806274456,-0.913676558347725,-0.581102545229017,0.795086636946648,1.36268332509331,-0.285241590526819,0.941061073820108,-0.0402467335995556,1.52413942168488
"Ddx60","ENSMUSG00000037921",-0.345761072583766,-0.5763618698777,-0.84345881085953,-0.717629962717652,-0.239278930396275,-0.529154836325585,0.666716207765449,0.805803867104169,0.081432776376742,0.493351346665496,0.0232536055401269,1.18108767930853
"Lad1","ENSMUSG00000041782",-0.714162254495149,-0.356497913528711,-0.241572042475051,-1.49032971534045,-0.297041272814583,-0.105272656211845,0.593367197725827,0.58120065610445,0.990094531746768,-0.137608110282644,0.896058207148817,0.281763372422571
"Il10ra","ENSMUSG00000032089",-0.366345488561801,-0.596946285855736,-1.17134165816341,-0.287629005044972,-0.349229211708856,-0.447845398039993,0.801187577879237,0.929017422037798,-0.139077403622713,0.321028373751248,0.229788001483521,1.07739307584568
"Mthfd2","ENSMUSG00000005667",-0.552764795118047,-0.195100454151609,-0.228845957910565,-1.11266657359524,-0.842698845521944,-0.736158558859867,0.140373187257754,0.598800144569887,0.868720746670823,0.423634672834613,0.977227485271788,0.659478948552414
"Apol9b","ENSMUSG00000068246",-1.42041696448605,-0.267655157979182,-0.673704841068105,-1.02631224490031,-1.13933387141128,-1.14020107999638,1.00671471790541,1.57431140605208,1.53428610341451,-0.57873133353602,0.682591413653503,1.44845185235183
"Adam8","ENSMUSG00000025473",-1.31743472983513,-0.823995346153639,-0.779416845764456,0.0446900800466405,-0.599066242738044,-0.42406758004097,1.38752088039803,1.64181375392328,0.325167171184749,-0.836061980482719,-0.247951874388721,1.62880271385099
"Lfng","ENSMUSG00000029570",0.0445067294082451,-0.951103726248873,-0.24791271693484,-0.776925661712825,-0.107673389057377,-0.378741929985877,0.683772695578783,0.353404684018747,0.308500148071256,0.255896538997722,0.0718102982220135,0.744466329643029
"Cyp4f18","ENSMUSG00000003484",0.0632374484709839,-0.275041774735075,-0.579942988660137,-0.967430461179716,-0.617273773552613,-0.477767062382932,0.536136797366745,1.5202733054647,0.0583480205155888,-0.416011070510893,-0.169375753892604,1.32484731309596
"Tlr13","ENSMUSG00000033777",-1.53763802265787,-0.258291699542294,-0.446824759773326,-1.14353330307212,-0.484155544665801,-0.486695522442068,0.93967371979664,1.45709034788026,0.273074121159767,0.217859994762253,-0.0362575250057926,1.50569819356035
"Serpina3f","ENSMUSG00000066363",-0.853461739986525,-0.853461739986525,-0.315443855915847,-0.853461739986525,-0.572378646911756,-0.573245855496859,0.481600071273551,1.5937419168465,-0.194628924948001,-0.0117761090364943,-0.0606447240361097,2.21316134818459
"Clec4a3","ENSMUSG00000043832",0.593614883848675,-0.891395569777099,-0.304218148014288,-0.947562235359811,-0.580147474299481,-1.39063176550275,0.958908521468582,1.2856410824792,0.537555951120984,-0.429099395516449,0.25783854356905,0.909495605983379
"Ncf4","ENSMUSG00000071715",0.621900657261266,-0.373709798395852,-0.948105170703525,-0.919276461947219,-0.681351551688251,-0.684113511955833,0.64870223857074,0.890343979091972,0.0108471623348319,-0.121604683697459,0.343929797879252,1.21243734325007
"Siglec1","ENSMUSG00000027322",-1.32326835113132,-0.170506544624454,-0.232455088246783,-0.365442111960964,-0.604899864034233,-1.04305246664166,1.2494526559786,1.31552744461693,-0.213834498764623,0.432229666288796,-0.691614135375934,1.64786329389564
"Clec4n","ENSMUSG00000023349",-1.71132116857273,-0.107731459679818,-0.620507905688193,-0.753494929402374,-0.267261518960968,-0.389026024636106,0.950888928040893,1.09658014441661,0.0993909752449005,0.348231865798866,0.0459049717464155,1.3083461216925
"2200002D01Rik","ENSMUSG00000030587",0.611753066004634,-0.283660583481296,-0.650954330634314,-0.713158370835746,-0.691499142944884,-0.694261103212466,0.377933709029567,1.03562370860149,-0.244648391354328,0.102083358660166,0.0183710822761505,1.13241699789102
"Msr1","ENSMUSG00000025044",-0.263107162981842,-0.717754539881932,-0.195582288404522,-0.0608330177370413,-0.671859862766815,-0.556141906777823,0.94071905274806,1.06607226968479,-0.267996590937237,-0.00776721196312691,-0.163769959163402,0.898021218180893
"Snx20","ENSMUSG00000031662",0.0632683762213668,-0.391379000678723,-0.181231138676778,-1.27662060420855,-0.61724284580223,-0.477736134632549,0.594458677609483,1.28852315996412,-0.437730302703254,-0.00242788702451913,0.162605580039807,1.27551211989183
"Ptx3","ENSMUSG00000027832",-0.981881681836318,-0.488442298154823,-0.235169558418373,-0.278555891471357,-0.465651105394202,-0.981881681836318,0.647561903149295,1.30283334170823,-0.727366324091841,0.0110161882655144,0.20828714488955,1.98924996319064
"Lox","ENSMUSG00000024529",-0.0566031561864841,-0.511250533086574,-0.861599325788092,-0.262144525253802,-0.34653720659038,-0.897229706407981,0.636534826189318,1.40043270080723,0.240430899980319,0.0471301608463426,-0.385682065396008,0.996517930886112
"Cd48","ENSMUSG00000015355",-1.70174110390009,-0.687748199147022,-0.333298493627507,-0.743914864729733,0.13873473830306,-0.508751914738347,0.870979903209835,1.29298726663804,-0.151160846807419,0.357811930471507,0.272720607049378,1.1933809772783
"Cd84","ENSMUSG00000038147",0.000327505178573606,-0.873224465374114,-0.365223584564503,-0.371541384955313,-0.537915045407761,-1.01721977043143,0.53151780656669,1.65701004922818,-0.281379459912786,0.181854684920389,0.369342183302466,0.706451481449606
"Tnfaip8l2","ENSMUSG00000013707",0.791013079982321,-0.507993738883715,-0.968975133043511,-0.527700127525633,-0.761211445171643,-0.36832937941195,0.456939001830218,0.954840873245443,0.131478917876286,-0.014769130570377,0.124856095277575,0.689850986394989
"Acod1","ENSMUSG00000022126",-0.931907060441514,-0.438467676760019,-0.637962038368712,-0.931907060441514,-0.650823967366745,0.119035439774283,0.605925043872695,1.46314101090684,-0.27307424540299,-0.450534311089099,0.137575795004899,1.98899907031187
"Fgd2","ENSMUSG00000024013",-0.504266008498397,-0.453009489688871,-0.104097236265561,-0.425549524981568,-0.487149731645451,-0.4013179931426,0.0269242928897198,0.791096902101202,0.204684717137096,0.427806992037183,0.143469498306075,0.781407581751176
"Cyp1b1","ENSMUSG00000024087",-1.88388576043099,-0.604539437315422,-0.793072497546454,-0.0711755768985043,-0.0434099182278422,-0.333285824157153,0.593425982023512,0.924015552558352,0.14714199575147,0.640392861081234,0.337146738565836,1.08724588459596
"Pstpip1","ENSMUSG00000032322",0.64438307201622,-0.575273963247052,-0.48617767609004,-0.68052836482416,-0.410560636750859,-0.96125313656846,0.520522873606876,1.48177656608307,-0.402333551438323,0.0609005933948525,0.119841424586845,0.688702799231025
"Scimp","ENSMUSG00000057135",-1.00932705187926,-0.74161324834075,-0.715382029806459,-1.00932705187926,-0.290958564782172,-0.729111167389596,0.212553148037189,1.3857210194691,0.223667969211778,0.120426956753739,0.667554991306563,1.88579502929913
"Ccr2","ENSMUSG00000049103",-0.0215498051047036,-0.895101775657392,-0.519247543380468,-0.39341869523859,0.169083969452896,-1.24078679609294,1.03128152867857,1.34067161647824,-0.303256770196064,0.233790145914012,-0.254163007468291,0.852697132614731
"Bcl2a1b","ENSMUSG00000089929",-1.30051000325988,-0.147748196753013,-0.371512472845828,-0.906405283674137,-0.404876143504769,-0.407142853465718,0.964673998143896,1.29271993048163,-0.829718205231259,-0.17075599462688,0.739656284712813,1.54161894002315
"Ifi206","ENSMUSG00000037849",0.496319912034383,-0.744234404299782,-0.699655903910599,-0.534347997616317,-1.23767378798128,-0.957457903491612,0.908473579216506,1.64788485172232,-0.412507093532224,0.238615291032442,-0.168190932534865,1.46277438936103
"Saa3","ENSMUSG00000040026",0.357433877618633,-0.223798015890159,-0.629847698979083,-1.37655982239703,-1.09547672932226,-0.32561732218123,0.769587544800755,0.964376211239113,-0.402269382078156,0.68299321197457,-0.18639099567116,1.465569120886
"AB124611","ENSMUSG00000057191",1.33105565112231,-0.976649236873617,-0.574415260758882,-1.27112380405768,-0.611746045651357,-0.771861373849258,-0.127396419329213,0.973567272104836,0.365799232539042,0.586544639681855,-0.0734302117981627,1.14965555687013
"Tlr2","ENSMUSG00000027995",-1.75508191568185,-0.151492206788935,-0.153911589165969,-0.0775109484240759,-0.701599437689786,-0.31412295946217,0.191786638762401,0.970742934724689,0.132867947770559,0.66628564664686,0.0782489881522515,1.11378690115603
"Irak3","ENSMUSG00000020227",-1.83652072411967,-0.33312782139794,0.0556206690833085,-0.158949756861892,-0.392461074507902,-0.395561767899986,0.179877824125602,0.84644574145573,0.124741060835083,0.584846838209044,0.266487654019887,1.05860135705873
"C5ar1","ENSMUSG00000049130",-0.349939806044079,-0.480343797166825,-0.379114030733545,-0.406362538801966,-0.428092733169637,-0.0834747093375938,0.817593260396959,1.01228161553887,0.306890592132911,-0.0945998550253635,-0.407051462873915,0.492213465084181
"C1rb","ENSMUSG00000098470",0.671839261761948,-0.456279332702357,-0.834950727886265,-0.274371608874929,-0.320304968637457,-0.883485956784101,0.462380120795154,0.634803570754633,0.118499512647372,0.470713437939197,0.00568227705720226,0.4054744139296
"Psat1","ENSMUSG00000024640",-0.212288034858493,-0.342692025981239,-0.345111408358272,-0.41782940392581,-0.29044096198405,-0.623986590937527,0.840543298924781,0.939276904829442,0.275831528215654,-0.277984298104379,-0.269399691688329,0.724080683868221
"Slamf7","ENSMUSG00000038179",0.507750416477852,-0.537663996768004,-0.297245753123756,-0.832138563952065,-1.22624328353781,-0.711486574510387,0.790155264707459,1.16880478781055,-0.251952843218937,0.349241919897994,-0.433426267587393,1.4742048938045
"Ccr1","ENSMUSG00000025804",-1.11767325860357,-0.849959455065055,0.371820926513949,-0.723568539017823,-1.11767325860357,-0.401226834197907,1.08921979030785,1.27737481274479,-0.00823940623686692,0.252092304672535,-0.324856242653151,1.55268916013881
"Plekha4","ENSMUSG00000040428",-0.0946626656263017,-0.549310042526391,-0.592360403902066,-0.300204034693619,-0.503415365411275,-0.278056429368121,0.436527635761815,0.764573568099547,-0.376369630717662,0.086864514115514,0.447954432822264,0.958458421446294
"Ch25h","ENSMUSG00000050370",-1.03936277925589,-0.771648975717379,-0.501344895185213,-1.03936277925589,-0.143728919500779,-0.759146894766225,1.22582122214789,1.55386715448562,0.307440675662104,-0.36661419114251,0.0301200761905216,1.50396030633776
"Hk3","ENSMUSG00000025877",0.47530809775179,-0.570106315494066,-0.720667718193193,-0.864580882678127,-0.742455025821755,-0.207743102048073,0.538182983290569,0.967528357589387,-0.149251749897171,-0.12893159363087,-0.0685167755380025,1.47123372466951
"Stxbp2","ENSMUSG00000004626",-1.84457826676593,0.247079774216167,-0.139758791439737,-0.316125935817589,-0.648827117336606,-0.403619310546252,0.301569100431851,0.838388198809464,0.833984562382168,0.214974767605666,0.0610431078844287,0.855869910576372
"Anxa2r1","ENSMUSG00000095609",0.330631507229801,-0.542920463322887,-0.865344308715182,-0.700036402420899,-0.507728333030748,-0.888605483758438,0.679368894085477,1.48219644691774,0.147218064306812,-0.0335966295097578,-0.101828435182199,1.00064514340029
"Tlr4","ENSMUSG00000039005",-2.0130208064467,-0.509627903724975,-0.120879413243727,-0.0767529611862394,-0.357180033556598,-0.0125620097245553,0.888505960009997,0.669945659128695,0.749975970595154,-0.0974999266892249,0.602201896531792,0.276893568306386
"Ahsg","ENSMUSG00000022868",0.780526106276606,-0.858035522639265,-1.71847725210224,-0.356352442220464,-0.39323625187155,-0.0659834615647692,0.29792129614303,0.0959669377879213,0.724467173548915,0.533295911223039,0.0387488882169098,0.921158617201865
"Glipr1","ENSMUSG00000056888",-1.43719050607254,-0.284428699565673,-0.899172622001863,-0.0750656961907668,-0.541556646317429,-0.543823356278378,0.645540580798795,1.24577595950286,0.450759357379868,-0.0674249427964391,0.46843086857782,1.03815570296375
"Bcl2a1d","ENSMUSG00000099974",0.459073591792572,-0.781480724541594,-0.345922577809036,-0.317093869052731,-0.758689531780973,-0.760163399195667,0.598897059953622,1.22261923248951,0.61302975522932,-0.793547358870674,-0.337148279027555,1.2004261008132
"Myo1g","ENSMUSG00000020437",-0.0181742562401261,-0.356453479446185,-0.150997629739906,-0.390043146374012,-0.426926956025099,-1.03572153185013,0.51301604514799,0.695035700577242,0.135781907196622,0.307385078115811,-0.160369644410528,0.887467913048317
"Syt12","ENSMUSG00000049303",-0.0550181205935885,-0.77501891585618,-0.69819855772471,-0.614919899070785,-0.463770820378561,-0.738069320393452,0.82914748611543,0.708527520103353,0.601812277583401,0.0487151964392383,0.737295106583363,0.419498047192488
"Bst1","ENSMUSG00000029082",-1.16618287046517,-0.898469066926653,-0.41947074704722,0.00790905107329909,-0.447814383368075,-0.272815720671002,0.463260714520447,1.33135647024744,0.066812150625875,0.0885623105686189,-0.0967000150187523,1.34355210646119
"Vcpkmt","ENSMUSG00000049882",0.587273084640958,-0.214452917838194,-0.982732743323833,-0.549605463856111,-0.16062029686928,-0.470771317518206,0.104668274507382,0.123239969993249,0.119297482444578,0.147822760633712,0.567975571619525,0.727905595566217
"Mitd1","ENSMUSG00000026088",-1.79873370463931,-0.295340801917588,-0.0939142293131194,-0.43660889475754,-0.473492704408626,0.201725092082832,0.727071235049003,0.884232760936082,0.162528080315434,0.453039458685963,-0.0415075643201663,0.711001272287042
"Ccl4","ENSMUSG00000018930",-0.852373707014525,-0.584659903476013,-0.558428684941723,-0.458268987428781,0.0432601527405874,-0.852373707014525,0.944494878539915,1.37384025283873,-0.381581908985903,0.140524163087307,-0.402176517617242,1.58774396927217
"Milr1","ENSMUSG00000040528",-1.28791188489041,-0.273918980137339,-0.0516159231505129,-0.584586094525448,-0.569543397793319,-0.571465460484749,0.728486663354859,1.20962745582219,0.0588915700275865,0.287573318545394,-0.0977430581645407,1.15220579139628
"Aoah","ENSMUSG00000021322",0.836003531735753,-0.974420539873285,-0.294557216370507,-0.95967403627813,-0.337758826412403,-0.612057326427293,-0.0335562416574779,1.10444685356646,0.368027929539374,0.00529761012668439,0.311461884306378,0.586786377744444
"Lpxn","ENSMUSG00000024696",-1.06942952275821,-0.380850235988406,-0.140431992344158,-0.675324803172467,-0.553198946316095,-0.176062372964048,0.15245067715824,1.61353694281719,-0.095139082439339,0.185315658275573,5.33326882017349e-05,1.13908034504353
"Itgax","ENSMUSG00000030789",-1.20807580094706,-0.519496514177253,-0.914130778874255,-0.813971081361314,-0.0123246515177309,-0.15713330073126,0.808322747298211,1.0181381589062,0.244210933977243,0.161689762329045,0.196838989859079,1.19593153523909
"Dpep2","ENSMUSG00000053687",-1.35996653288562,-0.0806202097700521,-0.430969002471571,-0.185874611347159,-0.164215383456297,-0.845209823858201,1.01517662708388,1.32299993268977,-0.126971511794583,0.308330903884151,-0.169797706159755,0.717117318085441
"B4galnt1","ENSMUSG00000006731",-1.50438584793752,-0.815806561167712,-0.575388317523464,-0.142261038055742,-0.179144847706829,-0.0634268917178367,0.125057737048096,0.836550185698624,0.138216053082366,0.622126869869682,0.658841170161702,0.899621488248631
"Oas1b","ENSMUSG00000029605",-1.54149697113979,-0.388735164632925,-0.17305436086721,-0.838171180774833,-0.216255970909106,-0.100538014920114,0.665396077771628,0.684716988713464,0.419764813814955,0.374023908617683,0.215729169179354,0.898620705146899
"Ebi3","ENSMUSG00000003206",0.856463802045604,-0.363193233217668,-0.406243594593343,-1.2484348367475,-0.746905696578127,-0.92609313192758,0.834772186121266,0.698396477302901,0.455035474013159,0.195187460715248,0.263081818317121,0.387933274548914
"Sla","ENSMUSG00000022372",0.188337685803614,-0.149941537402445,-0.454842751327508,-0.371564092673583,-1.26457292113728,-0.352666825050302,0.251212571342393,1.13731045136335,0.615531534764121,0.369864865545429,-0.355487187486179,0.386818206258386
"Ly9","ENSMUSG00000004707",0.703443620507767,-0.762836275969382,-0.736605057435091,-0.63644535992215,-0.514319503065777,-0.750334195018228,0.985848468737375,0.783894110382266,0.612051821511989,-0.769879167710251,-0.0927782503123598,1.17795978829384
"Csf2rb2","ENSMUSG00000071714",0.586549571243725,-0.879730325233424,-0.609426244701258,-0.753339409186192,-0.429075641674846,-0.430997704366276,0.998703238425847,0.954130882183056,-0.676652330743314,0.222321434504166,0.0427246979539322,0.974791831594588
"Ctsw","ENSMUSG00000024910",0.553606591515749,-0.319945379036939,-1.18038710849991,-1.18038710849991,-0.462018621402822,-0.463940684094252,0.357444995814297,0.984852952229159,-0.206096668181039,0.0743580725338724,1.25116198431613,0.591350973305675
"Ms4a4b","ENSMUSG00000056290",-1.25962613088671,-0.766186747205217,-0.168812868002173,-0.865521411300969,-0.978543037811943,-0.208683630670915,0.886521236311071,0.966587828966545,0.901561418089456,0.578100886161775,0.241754366765361,0.672848089583721
"Coro2a","ENSMUSG00000028337",0.42402296014897,-0.295977835113621,-0.380973209452638,-1.30997073986669,-0.591602252769601,-0.259028239650893,0.130035701474363,1.13723291696634,0.332631161153192,0.166318339147029,-0.119801913140822,0.767113111104373
"Rassf5","ENSMUSG00000026430",-1.28381232680653,-0.131050520299661,-0.537100203388585,-0.325986087636172,-0.230329848814466,-0.390445177012366,0.51305625874791,1.21372701390607,-0.17437847443983,0.291672876629273,0.307985985038729,0.746660504075624
"Siglece","ENSMUSG00000030474",-1.11522953378501,-0.254787804322041,-0.577211649714335,-0.72112481419927,-0.396861046687924,-0.398783109379354,1.09166351512641,0.340370083915459,0.695482610032619,0.254536029491089,0.0749392929408548,1.00700642658151
"Gemin6","ENSMUSG00000055760",0.0246293128422601,-0.430018064057829,-0.473068425433504,-0.751538148003042,0.0417455896952053,-0.516375198011656,0.6657787727961,0.836813471363857,0.321663369009063,0.279969263860976,-0.117566075328142,0.117966131266716
"Klrk1","ENSMUSG00000030149",-0.993525936822453,-0.500086553140958,-0.246813813404508,-0.599421217236709,-0.993525936822453,-0.478769227795031,0.880291231354258,0.820918253067707,0.115907915544247,-0.000628066720620435,0.912095437827908,1.08355791414861
"Gcnt1","ENSMUSG00000038843",-1.58264295772737,-0.429881151220506,-0.214200347454791,-0.0541906267790315,-0.386891808298048,-0.141684001507695,0.364225596716877,0.702072065817172,0.578544591248794,0.406690693307002,0.174583182591773,0.583374763305829
"Clec4d","ENSMUSG00000030144",-0.72128520331003,-0.453571399771517,-0.427340181237227,-0.72128520331003,-0.44020211023526,-0.72128520331003,0.908158381675583,1.38028980764496,0.103881491139024,-0.239912453957615,0.0715318126403859,1.26102026203175
"Tent5b","ENSMUSG00000046694",0.453331751415572,-0.787222564918594,-0.351664418186036,-0.886557229014345,-0.562293461502999,-0.387294798805925,0.0543998626599871,0.684479131050176,0.530050195217544,0.84585076920711,-0.342890119404555,0.749810882282065
"Ifitm6","ENSMUSG00000059108",-0.737732438042899,-0.470018634504387,-0.443787415970097,-0.343627718457155,-0.737732438042899,-0.222975729015477,0.597329373217177,0.612239336190314,0.371701414323801,-0.0649838499295172,0.0550845779075164,1.38450352232362
"Marchf1","ENSMUSG00000036469",-1.1995865226067,-0.511007235836891,-0.108773259722156,-0.805481803020952,-0.481218035509606,0.12270862132993,0.515996913421163,0.533163310125345,0.52951774945357,0.276702556407024,0.205328268199441,0.922649437759828
"Prf1","ENSMUSG00000037202",-0.908412264306312,-0.414972880624816,-0.614467242233509,0.265679657232153,-0.627329171231542,-0.908412264306312,0.629419840007897,1.12655797942482,-0.249579449267787,0.0844856057955208,0.592968233345761,1.02406195616412
"Il21r","ENSMUSG00000030745",-0.935374756767455,-0.44193537308596,-0.935374756767455,0.0224514824029032,-0.217006269670365,-0.420618047740033,0.602457347546754,0.879069433122704,0.0389156835514171,0.0575231133343772,0.254794069958413,1.0950980741147
"Psd4","ENSMUSG00000026979",-0.85053400700952,-0.357094623328024,-0.312516122938841,-0.147208216644559,-0.56945091393475,-0.335777297982097,0.687298097304689,0.385461019872613,0.25889984535718,-0.589863095211877,0.650846490642553,1.17993882387263
"Spn","ENSMUSG00000051457",-1.01944529673537,-0.751731493196857,-0.48142741266469,-1.01944529673537,0.0340371812566955,-0.302998872329709,0.854371871441342,1.20676866311789,0.623156604284514,0.235299884298415,0.0500375587110442,0.571376608552093
"Ighmbp2","ENSMUSG00000024831",-1.46112355058986,-0.30836174408299,-0.714411427171914,-0.0989987407080841,-0.135882550359171,-0.268134361428114,0.621607536281478,0.573846693141276,0.70006399838631,0.454397329167618,0.641884827549695,-0.00488801018624763
"Slc6a9","ENSMUSG00000028542",-1.45867242331972,-0.305910616812855,-0.711960299901778,0.21889854393805,-0.405189945327659,-0.136377279383097,0.557726124925545,0.433086950369092,0.429277440132686,0.530661227714653,0.374658480514378,0.473801797150709
"Klra2","ENSMUSG00000030187",-0.794686903366645,-0.526973099828133,-0.794686903366645,-0.400582183780901,-0.278456326924529,-0.514471018876979,0.427193296549806,0.851463378374807,0.552116551551351,0.198210966735187,0.143084925828889,1.13778731710379
"Bcl2a1a","ENSMUSG00000102037",0.678083447995513,-0.562470868338653,0.0349030108643915,-1.05591025202015,-0.337541764923058,-1.05591025202015,0.659673184007711,0.498108396874096,0.177084769070892,0.0738437566128529,0.0135726034262649,0.876563968450285
"Pclaf","ENSMUSG00000040204",-0.964157956576067,-0.470718572894572,-0.217445833158122,-0.260832166211106,-0.447927380133951,-0.964157956576067,0.909659211600643,0.927601417112748,0.846554187241566,-0.291409368462686,0.440756834230069,0.492077583827544
"Hcst","ENSMUSG00000064109",-1.22260632931762,-0.362164599854644,-0.131793066433077,-0.264780090147259,-0.504237842220527,-0.171663829101819,-0.000726129401165565,0.942633731411453,0.665343534134792,0.147159233958485,0.534619811001531,0.368215575969845
"Ccl3","ENSMUSG00000000982",-0.52778734987944,-0.52778734987944,-0.52778734987944,-0.52778734987944,-0.52778734987944,-0.247571465389774,0.912219091461614,0.584448068110578,-0.273271992134963,-0.046414600527025,0.409984479316094,1.29954316856068
"Klrb1c","ENSMUSG00000030325",-0.709559001311278,-0.441845197772766,-0.415613979238476,-0.315454281725534,-0.428475908236509,-0.709559001311278,0.389498604572802,1.39201600964371,0.637244453606717,-0.228186251958863,0.0832580146391373,0.746676539092333
"Srarp","ENSMUSG00000070637",0.613663270950432,-0.852616625526716,-0.373618305647283,-0.726225709479485,-0.401961941968139,-0.226963279271065,0.41750167524898,0.433688219829016,-0.461497614026704,0.455154774370574,0.47146788278003,0.651407652740358
"Batf","ENSMUSG00000034266",-0.664570528583045,-0.664570528583045,-0.370625506510242,-0.270465808997301,-0.383487435508275,-0.384354644093379,0.434487077301035,0.447664889406973,-0.410055170838568,0.811718550430675,0.404912326863368,1.0493467791118
"Ly6i","ENSMUSG00000022586",-0.620382460836732,-0.35266865729822,-0.326437438763929,-0.226277741250988,-0.620382460836732,-0.620382460836732,0.478675145047348,0.615612566045401,0.35390797948214,0.0523661272766498,0.172434555113683,1.09353484685811
"Cd2","ENSMUSG00000027863",-0.739075389225288,-0.739075389225288,-0.20105750515461,-0.739075389225288,-0.222844812783172,-0.458859504735622,-0.087324630688534,0.716524228475185,0.713211345699013,0.102610241724743,0.937806653960537,0.717160151178323
"Lck","ENSMUSG00000000409",-0.785111956660395,-0.2916725729789,-0.247094072589717,-0.785111956660395,-0.504028863585626,-0.504896072170729,0.752720147653814,1.02933223322976,0.561691498257601,-0.112363368547013,0.619802834145742,0.266732149905855
"Fetub","ENSMUSG00000022871",-0.643135665540739,-0.375421862002227,-0.643135665540739,-0.643135665540739,-0.36205257246597,-0.128378956513317,0.173612667028102,0.33371888993213,0.809151069383562,0.611609515493045,0.658398092062921,0.208770153703974
