"","Ensembl_ID","Regulation","PBS_1","PBS_2","PBS_3","PBS_4","PBS_5","PBS_6","CVB3_1","CVB3_2","CVB3_3","CVB3_4","CVB3_5","CVB3_6"
"Itgb2l","ENSMUSG00000000157","None",5.14738,5.20452,5.31171,5.45346,5.66663,5.60375,5.38593,5.26483,5.52961,5.33995,5.25403,5.34599
"Itgb2","ENSMUSG00000000290","Up",6.47304,6.46016,6.53375,6.70543,6.5944,6.50837,9.07549,7.95478,7.72988,8.54485,8.14037,9.07085
"Lck","ENSMUSG00000000409","Up",5.27482,5.60407,5.08772,5.69343,5.48416,5.80598,7.19981,6.37723,6.29472,7.53385,7.60049,7.39079
"Raf1","ENSMUSG00000000441","None",9.60765,9.70385,9.66035,9.74449,9.63666,9.63349,9.54412,9.62684,9.59288,9.46144,9.64269,9.51967
"Fasl","ENSMUSG00000000817","None",3.92508,4.03673,3.947,3.95287,4.05368,4.00396,4.35504,4.07526,4.09358,4.0591,3.84397,4.0918
"Icam2","ENSMUSG00000001029","None",7.45476,7.54112,7.55721,7.362,7.44733,7.42791,7.47583,7.60558,7.46657,6.94819,7.39873,7.29723
"Araf","ENSMUSG00000001127","None",7.83431,7.83512,7.79652,7.78031,7.67258,7.67035,7.79785,7.83596,7.67991,7.77445,7.77338,7.73052
"Rac1","ENSMUSG00000001847","None",10.1019,9.96945,9.94909,10.021,9.97947,9.96749,10.0156,9.9866,9.86823,9.95142,9.98172,10.0904
"Lcp2","ENSMUSG00000002699","Up",5.81969,5.73307,5.78877,6.08956,5.80167,6.2125,7.9819,7.0308,6.83118,7.50229,7.28843,8.06951
"Ptpn6","ENSMUSG00000004266","Up",6.51427,6.52366,6.62292,6.52066,6.45462,6.69117,8.15629,7.30771,7.2983,7.81787,7.71914,8.28963
"Bid","ENSMUSG00000004446","None",4.78262,4.98382,4.98191,5.08313,4.88356,4.93264,5.09103,5.10657,4.91465,4.98766,5.02635,5.37585
"Map2k1","ENSMUSG00000004936","None",8.96413,9.04773,8.90507,8.94554,8.92699,8.92767,9.35919,9.09719,9.07063,9.08107,9.05302,9.32033
"Sh2d1a","ENSMUSG00000005696","None",3.71299,3.92759,3.55659,3.68887,3.62452,3.592,4.53082,4.06199,3.70897,3.85058,4.3608,4.04912
"Cd247","ENSMUSG00000005763","None",5.05154,4.75838,5.07161,5.11707,5.0298,5.20824,5.53309,5.22506,5.29911,5.69456,5.5641,5.19379
"Vav2","ENSMUSG00000009621","None",6.93212,7.04739,7.03224,6.98136,6.86094,6.85843,7.1633,7.06994,7.01213,7.09375,7.17006,7.00735
"Cd48","ENSMUSG00000015355","Up",4.69075,4.79105,5.00683,5.08202,5.03553,4.39542,6.93016,6.02654,5.64126,6.44008,5.75291,6.74769
"Gzmb","ENSMUSG00000015437","Up",4.20035,4.70365,4.60189,4.58092,4.62457,4.57366,7.85002,6.41893,6.22984,6.56926,5.9937,7.34965
"Plcg1","ENSMUSG00000016933","None",9.13928,9.15043,9.14375,9.19749,9.03904,8.71018,8.74881,8.95903,8.7497,8.89036,8.74885,8.6574
"Rac3","ENSMUSG00000018012","None",5.76378,5.52722,5.6522,5.6655,5.70824,5.6757,5.84707,5.77721,5.77182,5.63187,5.91904,6.19944
"Csf2","ENSMUSG00000018916","None",4.13847,4.00862,4.0802,3.89305,4.07025,4.09279,4.11992,4.07335,4.04927,3.92797,4.02443,4.18414
"Fyn","ENSMUSG00000019843","None",8.62537,8.70347,8.62828,8.73881,8.59289,8.8157,8.98475,8.82949,8.48961,8.50643,8.52007,8.81257
"Ifngr1","ENSMUSG00000020009","None",8.98081,8.89451,8.82008,8.95249,9.03366,8.7148,9.19713,8.84809,8.81573,9.18708,8.88927,9.0076
"Shc2","ENSMUSG00000020312","None",5.86631,6.00319,5.97924,5.87639,6.08651,5.91061,5.71779,6.01266,5.76677,5.73758,5.80798,5.94128
"Shc3","ENSMUSG00000021448","None",5.74522,5.74878,5.82861,5.49485,5.63862,5.76261,5.38899,5.64024,5.67883,5.37822,5.63334,5.39293
"Syk","ENSMUSG00000021457","None",7.58244,7.52776,7.3682,7.54488,7.48594,7.34904,7.93631,7.66544,7.61219,7.92451,7.74505,8.08256
"Ppp3cb","ENSMUSG00000021816","None",9.41978,9.51443,9.27183,9.40702,9.23226,9.28145,9.27862,9.33674,9.2791,9.21691,9.25313,9.12367
"Tnfrsf10b","ENSMUSG00000022074","None",5.7614,6.01918,5.87064,5.87616,5.95477,5.94539,6.18063,6.02639,5.81506,5.79586,5.81361,6.09599
"Ppp3cc","ENSMUSG00000022092","None",8.63689,8.51101,8.57124,8.59556,8.54854,8.64229,8.62492,8.53643,8.58384,8.65904,8.50062,8.68409
"Ifngr2","ENSMUSG00000022965","None",10.8557,10.9796,10.9754,10.9915,10.9274,10.9843,10.8268,10.799,10.7924,10.606,10.6488,10.4943
"Ifnar1","ENSMUSG00000022967","None",7.56914,7.72519,7.58192,7.67212,7.56802,7.55559,7.95963,7.78892,7.59202,7.65078,7.81488,7.84758
"Ifnar2","ENSMUSG00000022971","None",7.83292,7.84594,7.82645,7.79351,7.68563,7.676,8.55274,8.13391,8.02901,8.25,8.41982,8.5914
"Sos1","ENSMUSG00000024241","None",7.23281,7.29782,7.08035,7.14405,7.12963,7.19651,7.33201,7.2298,7.08005,7.12191,7.25978,7.32693
"Tnf","ENSMUSG00000024401","None",5.51124,5.34103,5.37648,5.3745,5.64334,5.66306,6.46412,5.8421,6.23418,5.62695,5.78163,6.61138
"Fas","ENSMUSG00000024778","None",7.27931,7.02015,6.944,7.06569,7.14231,6.80249,6.99499,6.87694,6.44575,7.41719,6.53165,6.69151
"Hras","ENSMUSG00000025499","None",8.0265,8.21336,8.19898,8.15772,8.1905,8.21218,8.06447,8.15659,8.10003,8.19176,8.25042,8.27719
"Zap70","ENSMUSG00000026117","None",5.03703,4.76977,5.16608,5.03693,5.22567,5.14531,5.76948,5.36146,5.55016,5.56102,5.14629,5.79899
"Nfatc2","ENSMUSG00000027544","None",6.87769,6.81479,6.69746,6.78631,6.77306,6.68858,7.21361,6.93058,6.86514,7.19274,6.92316,7.18122
"Pik3ca","ENSMUSG00000027665","None",9.29476,9.27984,9.31903,9.28832,9.14449,9.12556,9.30507,9.26845,9.06506,9.21665,9.06876,9.12265
"Nras","ENSMUSG00000027852","None",8.09033,8.05286,7.97506,8.205,8.01322,7.97098,8.22365,8.10763,7.89915,8.15484,8.12457,8.28917
"Ppp3ca","ENSMUSG00000028161","None",9.14846,9.07474,9.1452,9.08178,9.04795,9.05566,9.05618,9.02982,8.99796,9.12216,9.01771,9.07986
"Ppp3r2","ENSMUSG00000028310","None",2.99145,3.10899,2.9359,3.1596,2.75084,3.04059,3.00976,3.0604,3.12396,3.00798,2.99801,3.02107
"Klrd1","ENSMUSG00000030165","None",3.44633,3.46727,3.75452,3.31825,3.56039,3.56501,4.70228,4.24339,4.17665,4.66442,4.18107,4.69707
"Klrc1","ENSMUSG00000030167","None",3.04353,2.99308,2.95659,3.22018,3.27292,2.99573,4.13823,3.81776,3.7236,3.77722,3.304,4.6574
"Kras","ENSMUSG00000030265","None",7.79716,8.00892,7.96819,7.9505,8.05286,8.15217,8.25246,8.03232,7.81816,7.89312,8.04064,8.24096
"Klrb1c","ENSMUSG00000030325","None",3.04599,2.7264,3.08562,2.86861,2.77119,2.62294,3.32058,3.17084,2.74234,3.18354,2.70815,3.12014
"Tyrobp","ENSMUSG00000030579","Up",6.46469,6.41935,6.49753,6.6331,6.7075,6.75273,8.4422,7.58645,7.41762,7.91386,7.85088,8.64249
"Lat","ENSMUSG00000030742","None",5.32832,5.28996,5.53807,5.53807,5.41699,5.55274,6.48178,5.84847,5.89775,6.47916,6.75103,6.54489
"Pak1","ENSMUSG00000030774","None",5.08948,4.72474,4.80223,5.10769,4.80223,4.73362,6.21333,5.76639,5.19637,5.68528,5.33766,6.03614
"Itgal","ENSMUSG00000030830","Up",5.54442,5.62569,5.5634,5.75214,5.72583,5.68714,7.25795,6.44881,6.5368,6.8786,6.41633,7.11884
"Casp3","ENSMUSG00000031628","None",5.75941,5.83475,5.31699,5.85869,5.70931,5.74469,6.56911,6.33504,6.14231,6.40387,6.09076,6.42942
"Pik3r2","ENSMUSG00000031834","None",7.75618,7.93078,7.92273,7.86654,7.68791,7.78505,7.68231,7.90039,7.6619,7.82505,7.72809,7.73301
"Pik3cb","ENSMUSG00000032462","None",8.09387,8.11997,8.05027,8.15015,7.98456,7.89304,8.4508,8.21084,8.11318,8.19828,8.29332,8.54044
"Nfatc1","ENSMUSG00000033016","None",7.13029,7.22,7.22169,7.2924,7.2062,7.32487,7.58495,7.34874,7.25081,7.43026,7.58989,7.63506
"Rac2","ENSMUSG00000033220","Up",6.75983,6.60668,6.61989,6.8842,6.68619,7.1415,9.09347,8.07273,7.81659,8.60721,8.12969,8.71542
"Vav3","ENSMUSG00000033721","None",6.70988,6.80683,6.55066,6.76866,6.67397,6.49717,7.03581,6.78206,6.55216,6.75173,6.74619,6.95428
"Ppp3r1","ENSMUSG00000033953","None",8.41509,8.47298,8.48234,8.44818,8.44704,8.60196,8.35007,8.38235,8.34743,8.61544,8.45443,8.40729
"Vav1","ENSMUSG00000034116","Up",5.65206,5.64327,5.63664,5.82223,5.9663,5.53926,8.04685,6.78552,6.70544,7.62206,7.26838,8.16082
"Plcg2","ENSMUSG00000034330","None",6.92821,6.93582,7.03552,7.13712,7.07846,6.8941,7.84172,7.29766,7.20416,7.26029,7.22804,7.814
"Sos2","ENSMUSG00000034801","None",8.71425,8.74619,8.66784,8.77101,8.74352,8.71871,8.62398,8.6975,8.53278,8.60608,8.67782,8.58788
"Map2k2","ENSMUSG00000035027","None",8.97963,9.1027,9.01942,9.15449,9.032,9.12795,8.95481,9.0133,8.9267,8.99076,9.07121,9.13558
"Shc4","ENSMUSG00000035109","None",4.64803,4.38074,4.34982,4.85517,4.79479,4.46801,4.6706,4.63987,4.69601,4.31431,4.81742,4.84
"Prf1","ENSMUSG00000037202","None",6.07222,5.91191,5.85297,5.63692,5.9634,5.8755,6.86041,6.55029,6.35323,6.28802,5.93775,6.16424
"Tnfsf10","ENSMUSG00000039304","None",6.32363,6.63149,6.66926,6.19424,5.8407,6.12786,7.54402,6.9608,6.77169,6.5595,6.8466,6.85901
"Pik3cd","ENSMUSG00000039936","None",6.19365,6.30287,6.35517,6.35888,6.23372,6.1033,7.18481,6.74741,6.50392,7.07724,6.82612,7.49953
"Lat2","ENSMUSG00000040751","None",5.62942,5.28555,5.66936,5.39422,5.0093,5.49883,6.68095,5.97819,5.95243,6.2898,6.02676,6.92726
"Pik3r1","ENSMUSG00000041417","None",10.1598,10.2236,10.2597,10.1748,10.1899,9.77004,9.36141,9.81747,9.85029,9.86003,9.79362,9.23862
"Shc1","ENSMUSG00000042626","None",15.43298,15.63248,15.60637,15.53358,15.55352,15.50117,15.71621,15.63658,15.45717,15.53565,15.81646,15.83939
"Ptpn11","ENSMUSG00000043733","None",10.3979,10.398,10.378,10.5031,10.4522,10.2999,10.1239,10.3179,10.1635,10.2255,10.2844,10.1254
"Ifnb1","ENSMUSG00000048806","None",4.05981,3.40594,3.99419,4.13826,4.02413,4.0325,3.50759,3.97096,4.07341,3.77768,3.68017,4.12075
"Prkca","ENSMUSG00000050965","None",8.0944,8.07029,8.05865,8.21139,8.03999,8.05198,8.37007,7.99603,7.97458,7.94218,7.94562,8.36358
"Klrc2","ENSMUSG00000052736","None",3.50367,3.48744,2.94316,3.78397,3.32614,3.26181,3.19975,3.78484,3.66431,3.73802,3.7901,3.2443
"Prkcb","ENSMUSG00000052889","None",5.94123,5.96072,5.83931,6.16206,5.88064,5.8312,7.09131,6.61529,6.18424,6.99049,6.83697,7.17115
"Sh3bp2","ENSMUSG00000054520","None",6.10624,6.21658,6.01075,6.40269,6.01227,6.24356,7.22159,6.75703,6.44343,7.19498,6.79381,7.54742
"Ifng","ENSMUSG00000055170","None",4.90223,5.09497,5.23882,5.22102,5.16733,5.40992,5.61469,5.23764,5.14425,4.97888,5.09042,5.25624
"Fcer1g","ENSMUSG00000058715","Up",7.2132,7.20082,7.05244,7.49157,7.05735,7.0845,9.37417,8.41898,8.24694,9.20409,8.40015,9.38065
"Fcgr4","ENSMUSG00000059089","Up",5.60066,5.45244,5.29847,5.05942,5.20564,4.92414,9.43593,7.91346,7.82683,9.25283,7.83927,9.578
"Ptk2b","ENSMUSG00000059456","None",7.33568,6.98496,7.19967,7.38078,7.23459,6.90459,8.01262,7.48973,7.3371,7.89146,7.83293,8.14323
"Grb2","ENSMUSG00000059923","None",8.28021,8.50266,8.21432,8.40503,8.33072,8.1667,8.30119,8.25804,8.34203,8.38376,8.29182,8.30582
"Ncr1","ENSMUSG00000062524","Up",3.50331,4.15436,4.06212,3.73937,3.9082,3.61135,5.26874,4.76022,4.54018,4.92469,4.57317,5.02085
"Mapk3","ENSMUSG00000063065","None",9.0022,9.08076,8.90578,8.93875,8.98198,8.81893,9.11514,9.03675,8.95165,8.79968,9.09958,8.95352
"Mapk1","ENSMUSG00000063358","None",9.95017,9.99919,10.0526,9.98512,10.033,9.95794,9.89631,9.87986,9.94305,9.96004,9.92899,9.92496
"Ifna13","ENSMUSG00000063376","None",2.81811,2.82402,2.83467,3.22412,3.14857,3.14765,3.07393,2.84225,3.25823,2.86088,2.67727,3.08182
"Hcst","ENSMUSG00000064109","None",5.62595,5.86049,5.83622,5.73579,5.88356,5.99123,6.04936,6.05487,5.83502,6.00896,5.64462,5.97904
"Klra3","ENSMUSG00000067591","None",3.24599,3.37366,4.00814,3.86088,3.48708,3.1245,4.7702,4.19785,3.97914,4.43093,3.92138,4.41214
"Ifna4","ENSMUSG00000070904","None",3.72826,3.93296,3.63289,3.48908,3.74561,3.72586,3.65235,3.63581,3.7502,3.60598,3.63879,3.78332
"Sh2d1b2","ENSMUSG00000073494","None",2.70686,2.83186,2.7175,3.01814,2.97513,2.84963,3.27396,2.84348,3.03533,3.11942,3.03236,3.01814
"Ifna12","ENSMUSG00000073811","None",3.75835,3.24655,3.29657,3.1532,3.38843,3.48578,3.47895,3.18874,3.61559,3.23346,3.43513,4.03433
"Ifna2","ENSMUSG00000078354","None",4.5853,5.2982,5.13137,4.87857,5.17388,5.02052,4.80309,5.36959,5.13242,4.64763,4.77577,4.5162
"Ifna16","ENSMUSG00000078355","None",4.91934,4.406,4.79211,5.27131,4.47317,4.47972,4.52791,4.90391,4.5282,5.22798,4.25514,3.95346
"Raet1d","ENSMUSG00000078452","None",3.13934,3.80783,2.97397,2.821,2.81939,2.80205,3.79947,2.97268,2.8957,3.09499,3.28184,3.1463
"Klra8","ENSMUSG00000089727","None",3.29778,3.33609,3.19484,3.46185,3.14675,3.09783,3.29459,3.3407,3.08157,3.19165,3.30248,3.06487
"Ifna9","ENSMUSG00000095270","None",3.92352,4.45575,4.49446,4.30402,4.33805,4.54756,4.37741,4.21782,4.25972,4.29961,4.28493,4.30707
"Ifna14","ENSMUSG00000095896","None",5.43806,5.5085,5.71154,5.27222,5.56068,5.4333,5.4464,5.15445,5.59614,5.65096,5.23038,5.4676
"Ifna5","ENSMUSG00000096682","None",6.31952,6.48325,6.60451,6.49431,6.96983,6.88437,6.15204,6.45994,6.95164,6.49406,6.4773,6.26263
"Ifnab","ENSMUSG00000100079","None",4.78762,4.88688,4.53076,5.14974,5.08137,5.25908,4.33102,4.6328,4.9031,4.78525,4.17463,4.39397
"Ifna11","ENSMUSG00000100549","None",2.82944,2.98149,2.40385,3.07321,2.42881,2.89559,2.82062,2.67384,2.84733,2.61229,2.65062,2.51816
"Sh2d1b1","ENSMUSG00000102418","Up",3.5446,2.72763,3.47873,3.58976,3.42016,3.23398,5.14394,4.48423,4.28659,4.54502,4.35981,5.34901
