"gene_id","INFECTED-CONTROL","INFECTED-CONTROL.log2FC","INFECTED-CONTROL.adjPval"
"ENSMUSG00000024803","Up",1.61392327827586,2.28095723853309e-26
"ENSMUSG00000052305","Down",-2.60419696607933,0.000497753201473409
"ENSMUSG00000069919","Down",-3.11490536254199,0.000353335513295432
"ENSMUSG00000069917","Down",-3.11011364966416,0.000337659247380067
"ENSMUSG00000060802","Up",1.34195162016011,2.01638160380945e-10
"ENSMUSG00000031765","Up",1.2365917547746,6.33467612787331e-14
"ENSMUSG00000073940","Down",-2.76329306209958,0.00124431269027747
"ENSMUSG00000025498","Up",2.76223414689063,1.37375162927391e-42
"ENSMUSG00000054072","Up",2.2325864762143,6.49688070971563e-05
"ENSMUSG00000031762","Up",2.03488587074614,8.28722446239597e-14
"ENSMUSG00000061232","Up",1.73890472863197,3.90417908913865e-31
"ENSMUSG00000060187","Up",1.33839044772132,8.25477571900784e-16
"ENSMUSG00000073411","Up",1.20872166143483,1.79719363653941e-06
"ENSMUSG00000074896","Up",2.99771113014593,1.74976602858395e-10
"ENSMUSG00000068606","Up",3.04559271103442,1.08795729939243e-05
"ENSMUSG00000034459","Up",2.38934522925663,0.000194122838333008
"ENSMUSG00000031490","Up",1.03860449178061,1.80915696860594e-24
"ENSMUSG00000079017","Up",1.38732081970694,0.0109701670615467
"ENSMUSG00000046879","Up",2.21760510864281,2.13676162417161e-08
"ENSMUSG00000033880","Up",1.6031418019775,1.32621270213391e-10
"ENSMUSG00000037095","Up",1.01237353209119,8.73945678322464e-07
"ENSMUSG00000036905","Up",1.27042630557592,5.18082787375423e-10
"ENSMUSG00000036887","Up",1.21466697158013,2.97530963615523e-12
"ENSMUSG00000104713","Up",2.26394915687214,5.57566325416633e-19
"ENSMUSG00000026104","Up",1.76202797308974,6.87291653023448e-10
"ENSMUSG00000064215","Up",1.72073861282706,2.52412636602982e-42
"ENSMUSG00000046718","Up",1.72911011232613,1.51937383090915e-11
"ENSMUSG00000026822","Up",3.0530542158113,2.47906302059266e-09
"ENSMUSG00000031897","Up",1.12777424218131,1.39092725499209e-10
"ENSMUSG00000069874","Up",1.95092508377327,3.35831935389953e-05
"ENSMUSG00000021091","Up",2.47551086728066,3.14160291623168e-06
"ENSMUSG00000024338","Up",1.69841939607541,5.869148983444e-12
"ENSMUSG00000001131","Up",2.82452106132061,0.00042758869595957
"ENSMUSG00000038642","Up",2.14000336376967,1.32818135301303e-05
"ENSMUSG00000090942","Up",2.98371749566834,2.30801980364644e-06
"ENSMUSG00000025408","Up",1.71431214661043,1.26526718540725e-08
"ENSMUSG00000022584","Up",2.01981300548995,0.000638906356655262
"ENSMUSG00000058715","Up",1.7115938134751,2.4679913275438e-06
"ENSMUSG00000035692","Up",2.02020894099835,0.00415896642848175
"ENSMUSG00000019997","Up",1.10604024182928,1.77133289871837e-06
"ENSMUSG00000062488","Up",2.79456311136461,9.18006303216833e-18
"ENSMUSG00000036896","Up",1.02323545724684,4.32338213633357e-05
"ENSMUSG00000022548","Up",2.58601628458006,6.12678176341692e-28
"ENSMUSG00000037321","Up",1.98895447433332,1.53901190773171e-08
"ENSMUSG00000000682","Up",2.08199378857444,3.79163718683415e-08
"ENSMUSG00000050335","Up",2.89863784787938,1.55974637377904e-07
"ENSMUSG00000028270","Up",1.59500877505659,3.14160291623168e-06
"ENSMUSG00000010358","Up",1.18356265182855,8.73945678322464e-07
"ENSMUSG00000030107","Up",2.03219090229136,0.000465663787855167
"ENSMUSG00000030579","Up",1.36291154871333,1.83059024809829e-06
"ENSMUSG00000078921","Up",1.62280309950657,6.5779158272057e-05
"ENSMUSG00000045932","Up",2.60207898997556,9.48040370992506e-12
"ENSMUSG00000035042","Up",3.16793780803545,1.09341664899741e-17
"ENSMUSG00000071637","Up",1.01412464611263,6.33103734461195e-05
"ENSMUSG00000078922","Up",1.7914605001159,4.13199930992276e-06
"ENSMUSG00000029561","Up",1.46463042125272,0.0017475969169501
"ENSMUSG00000026558","Up",1.12660644860378,1.7392403852738e-07
"ENSMUSG00000068245","Up",2.00381923471792,4.07371709390312e-08
"ENSMUSG00000073418","Up",2.42241612809307,8.61907138090704e-17
"ENSMUSG00000060550","Up",1.51017248735129,1.10941425541993e-09
"ENSMUSG00000041827","Up",2.94235653977102,2.71086579713245e-05
"ENSMUSG00000040659","Up",1.03684029661158,1.66426073541214e-08
"ENSMUSG00000018927","Up",1.20921010646684,0.00220440713750953
"ENSMUSG00000034855","Up",2.78515983883756,0.00100197428210113
"ENSMUSG00000056116","Up",1.56275586562109,2.03344506490368e-10
"ENSMUSG00000040253","Up",1.61755966220634,2.75837726787544e-06
"ENSMUSG00000046805","Up",1.74279397536039,0.000160835561229164
"ENSMUSG00000096727","Up",1.67144976079951,1.49561728851335e-08
"ENSMUSG00000034422","Up",1.08619214411595,0.000881558597928209
"ENSMUSG00000056737","Up",1.06625412421257,0.0087597151464148
"ENSMUSG00000018899","Up",1.28661502373842,0.000127133272429621
"ENSMUSG00000029322","Up",3.06435230113538,5.14528244248622e-05
"ENSMUSG00000018774","Up",1.35205257195465,0.00105858089514705
"ENSMUSG00000032596","Up",1.06936163794894,0.00441864350344758
"ENSMUSG00000040483","Up",2.51865347694552,2.47442794586109e-20
"ENSMUSG00000035373","Up",2.38577799873468,1.08753240539106e-05
"ENSMUSG00000035385","Up",2.61406109019832,0.00254740582791469
"ENSMUSG00000031827","Up",1.08590391280716,0.0144755600729369
"ENSMUSG00000038507","Up",1.01316007442555,0.00155373692144491
"ENSMUSG00000063268","Up",1.27805956571494,7.92360152509857e-05
"ENSMUSG00000025270","Down",-2.7237620996281,0.00194032881888876
"ENSMUSG00000030707","Up",1.43101054690141,0.000141281853478274
"ENSMUSG00000021998","Up",1.05137068482179,0.0066355554315889
"ENSMUSG00000021871","Up",1.00789691139647,0.000767539212151441
"ENSMUSG00000079363","Up",1.15243476294104,0.000317732353956228
"ENSMUSG00000027514","Up",3.35354748221398,2.10237171859987e-09
"ENSMUSG00000030123","Down",-1.47854632151274,0.00697568929395734
"ENSMUSG00000070427","Up",1.2235842098563,6.46506921952278e-05
"ENSMUSG00000015947","Up",2.20155126981932,3.07593519990243e-05
"ENSMUSG00000019122","Up",1.41657212645796,0.00325483830153838
"ENSMUSG00000028268","Up",1.5309369474857,2.34291697335306e-06
"ENSMUSG00000043953","Up",1.1400065329728,6.46506921952278e-05
"ENSMUSG00000054203","Up",1.59330738517121,1.72669491369289e-06
"ENSMUSG00000059498","Up",1.04893359064634,3.07593519990243e-05
"ENSMUSG00000016194","Up",1.03066126499079,3.40809086995388e-07
"ENSMUSG00000022797","Down",-1.76764303945179,1.79719363653941e-06
"ENSMUSG00000059089","Up",2.70460049896061,1.1850799585587e-06
"ENSMUSG00000003477","Up",1.00769214276478,0.0122281393836767
"ENSMUSG00000029417","Up",1.18855783832747,0.0339047792135536
"ENSMUSG00000069792","Up",1.06087494456226,0.00384320146302627
"ENSMUSG00000026536","Up",1.50189739447148,0.000327463090744592
"ENSMUSG00000016496","Up",1.46499223222903,0.00343524866227477
"ENSMUSG00000028037","Up",1.87226600842715,0.000477740602233006
"ENSMUSG00000024222","Up",1.43211410232839,4.13422310998542e-08
"ENSMUSG00000073489","Up",1.61154479859327,0.00129231441430824
"ENSMUSG00000049502","Up",1.03041207915513,0.00374177012199521
"ENSMUSG00000022906","Up",1.0735118826053,0.00357169465695718
"ENSMUSG00000026896","Up",1.41030118171688,1.16216511859463e-05
"ENSMUSG00000024675","Up",2.78637970919518,0.00442657099164682
"ENSMUSG00000091649","Up",2.79963207360242,1.23364522184958e-07
"ENSMUSG00000020638","Up",1.33165319163139,0.00269045535259597
"ENSMUSG00000040552","Up",1.83236491795611,1.29855626114257e-06
"ENSMUSG00000024679","Up",2.20013990359331,1.08753240539106e-05
"ENSMUSG00000072620","Up",1.34198969174243,0.00415896642848175
"ENSMUSG00000026946","Up",1.22830521661869,2.6220445932735e-07
"ENSMUSG00000067212","Up",1.80133188804177,4.49602783941013e-07
"ENSMUSG00000024397","Up",1.75651937260379,0.000458655258559398
"ENSMUSG00000033220","Up",1.71340063364168,3.17405451782138e-05
"ENSMUSG00000052776","Up",2.13376555987562,0.000137699729467115
"ENSMUSG00000023132","Up",3.23983459124479,1.9953915047949e-11
"ENSMUSG00000052160","Up",1.4421224547593,1.14255296228714e-08
"ENSMUSG00000013584","Up",1.95018927771465,0.00523912539714631
"ENSMUSG00000079419","Up",2.22166395512181,8.92704903397893e-05
"ENSMUSG00000073412","Up",1.47919952140339,5.21108896576117e-05
"ENSMUSG00000040296","Up",1.11423971105367,0.00655585150519336
"ENSMUSG00000066861","Up",1.84522978391629,0.000237545471139473
"ENSMUSG00000026548","Up",1.53041510941335,0.000128830220526085
"ENSMUSG00000028841","Up",1.60490374154647,1.34685656108947e-16
"ENSMUSG00000004939","Up",1.50811790632793,9.56202389311918e-05
"ENSMUSG00000030921","Up",1.13148809588991,0.00450071292876158
"ENSMUSG00000002111","Up",1.54160624070876,1.75834840545415e-05
"ENSMUSG00000034161","Up",1.35977868596971,0.000501880595236282
"ENSMUSG00000053113","Up",1.59116286556599,0.00161215730553245
"ENSMUSG00000024677","Up",1.88175675654487,6.49688070971563e-05
"ENSMUSG00000018920","Up",1.0958082164291,0.000900598746117491
"ENSMUSG00000034947","Up",1.39525296312846,0.00155373692144491
"ENSMUSG00000028459","Up",2.19909832425163,4.01970116215149e-05
"ENSMUSG00000049037","Up",1.79067521755332,1.1619065126872e-09
"ENSMUSG00000035352","Up",2.9612145157513,4.16603987976533e-05
"ENSMUSG00000002274","Down",-1.10945008199651,2.82558684552839e-10
"ENSMUSG00000040747","Up",1.60297585838236,0.000501880595236282
"ENSMUSG00000004266","Up",1.29234467092156,0.000214594629379592
"ENSMUSG00000029581","Down",-1.05020387408367,0.000168106753464077
"ENSMUSG00000073409","Up",1.59088520703356,3.79163718683415e-08
"ENSMUSG00000074151","Up",1.46587395715629,0.0093820859165837
"ENSMUSG00000009185","Up",3.01983797574185,7.75908430041051e-06
"ENSMUSG00000112023","Up",1.77179558243275,3.89684304826327e-05
"ENSMUSG00000022831","Up",1.02667080468072,0.00443388826170534
"ENSMUSG00000000204","Up",2.62062861788044,0.00133473300848875
"ENSMUSG00000001128","Up",1.19874629902456,0.00847324703372284
"ENSMUSG00000042115","Down",-1.25311230262794,4.93671243856885e-05
"ENSMUSG00000024672","Up",2.12932993542558,2.68467231496776e-06
"ENSMUSG00000073490","Up",1.62730054218958,1.39691382331447e-06
"ENSMUSG00000041515","Up",1.02330069103804,0.0304854510464142
"ENSMUSG00000029816","Up",1.67918365919688,0.00325483830153838
"ENSMUSG00000005413","Up",1.30606238027251,2.75846092381308e-06
"ENSMUSG00000056144","Up",1.09325970148688,0.0151725684827894
"ENSMUSG00000048163","Up",1.72836526945255,2.96012426613103e-05
"ENSMUSG00000038508","Up",2.51493660611184,3.28901986709997e-11
"ENSMUSG00000053063","Up",1.54089009954206,0.000781771722571186
"ENSMUSG00000058818","Up",1.43854779688461,0.000425624744362291
"ENSMUSG00000038085","Up",1.13915175753685,0.000140203280112156
"ENSMUSG00000044338","Down",-1.75565293723416,7.30762955179038e-08
"ENSMUSG00000050359","Up",3.33419929011441,0.000125833481664505
"ENSMUSG00000004730","Up",1.46302111430391,1.62735210432388e-06
"ENSMUSG00000041481","Up",3.27201883190959,2.23276931988844e-05
"ENSMUSG00000015451","Up",2.8148523255349,9.467389801632e-12
"ENSMUSG00000038871","Down",-1.4971117463867,0.0137549166890457
"ENSMUSG00000031838","Up",1.1921300226431,0.0227506777407873
"ENSMUSG00000046480","Down",-1.11708956535926,1.62729809094501e-06
"ENSMUSG00000025491","Up",1.14796794232327,0.000171045086792948
"ENSMUSG00000037731","Up",1.25336431923116,0.034989788645506
"ENSMUSG00000030966","Up",1.16135441792837,0.0243274915884084
"ENSMUSG00000044703","Up",2.58589833293465,1.47545050137645e-05
"ENSMUSG00000021750","Up",1.51776454753881,0.00609043571310635
"ENSMUSG00000040809","Up",2.9541303936272,0.000629905777043216
"ENSMUSG00000026656","Up",1.1057529813145,0.00208132983427041
"ENSMUSG00000024737","Up",1.62670839521753,0.0110002458437458
"ENSMUSG00000029771","Up",1.79796212715169,3.82173049889054e-05
"ENSMUSG00000003283","Up",2.63427158059039,1.10473374358088e-05
"ENSMUSG00000043613","Up",1.72169996271974,0.00826315198879022
"ENSMUSG00000017830","Up",1.95729551543306,0.00834348442902697
"ENSMUSG00000024352","Up",1.29478170405694,2.70885863359785e-05
"ENSMUSG00000032661","Up",2.94056160727582,8.43523678113479e-05
"ENSMUSG00000000386","Up",3.03317515696601,0.00192940598861307
"ENSMUSG00000023913","Up",1.47400888335406,0.00125244134190609
"ENSMUSG00000031111","Down",-1.26288109977607,4.95542870805036e-06
"ENSMUSG00000073555","Up",1.84172087538716,0.00194689652292539
"ENSMUSG00000023341","Up",2.21846408378612,0.00130656009141879
"ENSMUSG00000008496","Up",1.37390432270674,0.000605369509818781
"ENSMUSG00000070034","Up",1.09884769122181,0.0251392333823629
"ENSMUSG00000044067","Down",-1.03829692263402,1.59810095756628e-06
"ENSMUSG00000034248","Down",-1.29329821610629,0.00298159865353805
"ENSMUSG00000029321","Up",1.36929883716107,0.00148611791751311
"ENSMUSG00000078763","Up",3.56138560784888,3.14160291623168e-06
"ENSMUSG00000057346","Up",2.88920228184867,7.32253724727273e-06
"ENSMUSG00000016206","Up",1.18022586052653,0.00134659304921857
"ENSMUSG00000043263","Up",2.85633225585428,1.84082613471991e-05
"ENSMUSG00000026177","Up",1.06456923478849,0.0349914715670079
"ENSMUSG00000058297","Up",1.23850831103583,0.00227372054822499
"ENSMUSG00000044468","Down",-2.70271719854818,0.00142112974185684
"ENSMUSG00000105504","Up",1.01348659293793,0.0449290387674419
"ENSMUSG00000069515","Up",1.26954494454363,4.72568815146451e-05
"ENSMUSG00000050821","Down",-1.03182064565491,1.77718413542898e-05
"ENSMUSG00000056054","Up",1.40524908269468,0.000648807408402942
"ENSMUSG00000022488","Up",1.1070398058616,0.00365905513870443
"ENSMUSG00000056071","Up",1.40860413969746,0.000454145339424943
"ENSMUSG00000025887","Up",1.12774030195489,0.0041526201008519
"ENSMUSG00000063445","Up",1.23314881613847,0.000171860309975757
"ENSMUSG00000004891","Down",-1.2377931987829,0.00241669654633487
"ENSMUSG00000044811","Up",1.94521923185798,0.000632031457308022
"ENSMUSG00000004612","Up",3.0200716481957,4.39319998134839e-07
"ENSMUSG00000079491","Up",1.3600308214769,8.52518691822001e-06
"ENSMUSG00000042834","Down",-1.3565983681852,2.54058277315293e-09
"ENSMUSG00000030148","Up",1.7797366201542,0.00185192196766001
"ENSMUSG00000026981","Up",3.08635428163483,0.0040248573840494
"ENSMUSG00000021418","Up",1.12079186802737,0.000345768059195734
"ENSMUSG00000015437","Up",3.42811276630742,0.000362029918262699
"ENSMUSG00000022014","Up",1.57013813981044,0.00724827090728254
"ENSMUSG00000034116","Up",1.55574857146737,0.0153455349971535
"ENSMUSG00000057596","Up",1.29092472357909,0.0287619107008215
"ENSMUSG00000074183","Up",1.33995681346052,0.00785197861541715
"ENSMUSG00000055541","Up",1.45476136959672,0.0445762874562036
"ENSMUSG00000094777","Up",1.63458258601528,0.0109701670615467
"ENSMUSG00000021451","Up",1.58609840459477,0.0201872737464447
"ENSMUSG00000094248","Up",1.33439415757322,0.0192733690368917
"ENSMUSG00000049988","Up",1.89860244422782,0.00775743781412621
"ENSMUSG00000037921","Up",1.53164894468401,0.000674227069071574
"ENSMUSG00000041782","Up",1.20000629135116,0.00353485225345311
"ENSMUSG00000032089","Up",1.50535252120132,0.00119106341356323
"ENSMUSG00000005667","Up",1.51140611629822,5.62775006691879e-05
"ENSMUSG00000068246","Up",3.15376262389858,2.49160922660021e-05
"ENSMUSG00000033871","Down",-1.19584027813546,0.0116574576945082
"ENSMUSG00000025473","Up",2.36209960241827,0.0085856646862008
"ENSMUSG00000029570","Up",1.0585840999278,0.00425578640979753
"ENSMUSG00000003484","Up",1.7430808521737,0.0137549166890457
"ENSMUSG00000024440","Down",-1.83483848313789,4.25848178273833e-05
"ENSMUSG00000033777","Up",2.09692528835167,0.00117407882748564
"ENSMUSG00000066363","Up",3.68686522721238,0.00250656563465436
"ENSMUSG00000043832","Up",1.93981737076091,0.00111302535550179
"ENSMUSG00000071715","Up",1.70846232847692,0.00204666627539617
"ENSMUSG00000000317","Down",-1.11585249967871,0.0159205983325084
"ENSMUSG00000027322","Up",2.14485593141043,0.0129488861667879
"ENSMUSG00000028341","Down",-1.02438295205601,0.0349914715670079
"ENSMUSG00000023349","Up",1.62402108109133,0.0035759522290283
"ENSMUSG00000030587","Up",1.44054453555431,0.0135514182102684
"ENSMUSG00000025044","Up",1.26412021631555,0.0249556550006441
"ENSMUSG00000031662","Up",1.64761539270802,0.015212381637101
"ENSMUSG00000027832","Up",2.6123703572022,0.016695829053875
"ENSMUSG00000024529","Up",1.64365254122956,0.00722186644217348
"ENSMUSG00000015355","Up",1.61033283380285,0.00577730681947769
"ENSMUSG00000038147","Up",1.82393851025694,0.00386580305719767
"ENSMUSG00000038216","Down",-1.82795365907727,2.4757297512827e-06
"ENSMUSG00000013707","Up",1.26605163740293,0.00653375516494513
"ENSMUSG00000022126","Up",2.63329876567329,0.0217259936871345
"ENSMUSG00000030022","Down",-1.53165252896811,7.26488636404429e-05
"ENSMUSG00000024013","Up",1.02225403098723,0.0113022527134418
"ENSMUSG00000024087","Up",1.40312369183698,0.00208132983427041
"ENSMUSG00000032322","Up",1.51153619360689,0.0171414131764257
"ENSMUSG00000066975","Down",-1.66032073879392,5.1048111020829e-06
"ENSMUSG00000057135","Up",3.32317519686795,0.000501880595236282
"ENSMUSG00000049103","Up",1.55636003007533,0.0263399549821749
"ENSMUSG00000089929","Up",2.00684117702487,0.0174020571896699
"ENSMUSG00000037849","Up",3.00297681225341,0.00155373692144491
"ENSMUSG00000026971","Down",-1.07765542430067,0.00928440139619797
"ENSMUSG00000025889","Down",-3.01072434046764,0.0047771487299852
"ENSMUSG00000046814","Down",-1.0436362808261,0.0103418744121734
"ENSMUSG00000040026","Up",2.14722482152764,0.00802070339782484
"ENSMUSG00000000889","Down",-1.32693710207668,3.76551586794869e-07
"ENSMUSG00000057191","Up",1.83095227482582,0.01265925803558
"ENSMUSG00000027995","Up",1.23701920908538,0.0207711612674948
"ENSMUSG00000020227","Up",1.12591467211105,0.0222008934275114
"ENSMUSG00000049130","Up",1.02032489718185,0.047909764754455
"ENSMUSG00000046230","Down",-1.27142300346777,0.00533296478620739
"ENSMUSG00000098470","Up",1.08139655533799,0.00728026574124985
"ENSMUSG00000024640","Up",1.15004255550506,0.0311051228109935
"ENSMUSG00000038179","Up",2.41072724644208,0.00836252722018543
"ENSMUSG00000025804","Up",2.26361057863026,0.0227506777407873
"ENSMUSG00000040428","Up",1.25247192725889,0.0180966769600477
"ENSMUSG00000050370","Up",2.95605347785227,0.00200659385853357
"ENSMUSG00000025877","Up",2.01067590966472,0.0161116061843424
"ENSMUSG00000061100","Down",-1.62685624036887,0.000285753039994843
"ENSMUSG00000004626","Up",1.08237728788159,0.0322166494169696
"ENSMUSG00000040631","Down",-1.16063907411792,0.0166788431623141
"ENSMUSG00000095609","Up",2.19154990903403,0.0024527349711049
"ENSMUSG00000039005","Up",1.02298858964498,0.0204908363133028
"ENSMUSG00000022868","Up",1.44036650943716,0.0280368974666007
"ENSMUSG00000078202","Down",-1.16048534541412,0.00011641556874209
"ENSMUSG00000037010","Down",-1.63915857682273,5.19831777211182e-05
"ENSMUSG00000056888","Up",1.84613438016342,0.00208132983427041
"ENSMUSG00000025537","Down",-1.20619720855158,0.00218214602159894
"ENSMUSG00000099974","Up",1.99428386701167,0.0244657306321368
"ENSMUSG00000020437","Up",1.26383350206846,0.0189659924042199
"ENSMUSG00000049303","Up",1.76768244094097,0.000127148297027494
"ENSMUSG00000029082","Up",1.90409437055923,0.0202736605830847
"ENSMUSG00000049882","Up",1.00528358458212,0.0497816637806637
"ENSMUSG00000026088","Up",1.00708081320709,0.0492117271637125
"ENSMUSG00000026605","Down",-1.06455585655275,0.00190170574748994
"ENSMUSG00000018930","Up",2.65129254665586,0.0236668983129409
"ENSMUSG00000040528","Up",1.75400303090414,0.0126079412811813
"ENSMUSG00000043541","Down",-1.09058476796994,0.00775743781412621
"ENSMUSG00000032224","Down",-1.09744189022271,0.00188048827167079
"ENSMUSG00000021322","Up",1.46022195541634,0.0182342790137268
"ENSMUSG00000024696","Up",1.89984501642333,0.0328706126586866
"ENSMUSG00000030789","Up",1.92713670049291,0.00725111388374912
"ENSMUSG00000053687","Up",1.52545368054871,0.0348222617006281
"ENSMUSG00000006731","Up",1.42936132631028,0.0102965264010759
"ENSMUSG00000029605","Up",1.32365278060724,0.0110528457129795
"ENSMUSG00000003206","Up",1.68586897458001,0.00239034207311016
"ENSMUSG00000022372","Up",1.41166782725487,0.0328378803217474
"ENSMUSG00000004707","Up",2.59990560743212,0.0110528457129795
"ENSMUSG00000071714","Up",2.1108779196951,0.017854617506408
"ENSMUSG00000024910","Up",2.26629695803867,0.00722186644217348
"ENSMUSG00000056290","Up",2.23665663676385,0.000331014081642421
"ENSMUSG00000050640","Down",-1.31540259772554,0.000583968208418522
"ENSMUSG00000067158","Down",-1.07393720085513,0.0154537409027852
"ENSMUSG00000028337","Up",1.59223553186879,0.0286844975791628
"ENSMUSG00000026430","Up",1.46138619321627,0.0308059409464256
"ENSMUSG00000030474","Up",2.0256765051345,0.0047771487299852
"ENSMUSG00000055760","Up",1.09468225451279,0.0475952501165735
"ENSMUSG00000030149","Up",2.59333482689779,0.00166338627083715
"ENSMUSG00000038843","Up",1.10375652595876,0.0291878591956765
"ENSMUSG00000030144","Up",3.42506240997827,0.00509740854740944
"ENSMUSG00000046694","Up",1.80098315642349,0.0119293738227525
"ENSMUSG00000059108","Up",2.62473447520262,0.0154605481412368
"ENSMUSG00000023828","Down",-1.10561731488302,0.0091897082228317
"ENSMUSG00000036469","Up",1.45502250615695,0.0299492171782596
"ENSMUSG00000037202","Up",2.28900118192344,0.016695829053875
"ENSMUSG00000030745","Up",1.96999929368541,0.0244098034761488
"ENSMUSG00000026979","Up",1.95172213208174,0.0475952501165735
"ENSMUSG00000051457","Up",2.13011309070677,0.00787020494083219
"ENSMUSG00000024831","Up",1.26836982303608,0.0230378718908686
"ENSMUSG00000030683","Down",-2.13234606423368,0.000820833647969822
"ENSMUSG00000028542","Up",1.15092408230355,0.0351209817166334
"ENSMUSG00000022595","Down",-1.47241321053584,0.00846704374131965
"ENSMUSG00000029544","Down",-1.6396719535227,0.0212376121958931
"ENSMUSG00000030187","Up",2.75110505398318,0.00508853638114729
"ENSMUSG00000102037","Up",1.81557400765694,0.0419313268874134
"ENSMUSG00000040204","Up",2.2440992293287,0.00750059426373998
"ENSMUSG00000064109","Up",1.3272208537297,0.0484575599148024
"ENSMUSG00000000982","Up",3.74486624972958,0.0097171378856926
"ENSMUSG00000030325","Up",2.85695755667206,0.0120936397541928
"ENSMUSG00000005672","Down",-1.48347287978684,0.0312207398030589
"ENSMUSG00000032259","Down",-1.32885990253714,0.0113022527134418
"ENSMUSG00000048058","Down",-1.52039838970866,0.00350666667392359
"ENSMUSG00000070637","Up",1.60153185765125,0.0475952501165735
"ENSMUSG00000029862","Down",-1.02430841972546,0.0435611513232763
"ENSMUSG00000034266","Up",2.65966524867579,0.0222008934275114
"ENSMUSG00000022586","Up",2.8819552988419,0.0171691726280181
"ENSMUSG00000027863","Up",2.60161830090846,0.0120936397541928
"ENSMUSG00000000409","Up",2.44420801253421,0.0113605452782379
"ENSMUSG00000022602","Down",-1.44019378301711,0.0419313268874134
"ENSMUSG00000030110","Down",-1.53613840029115,0.0189589742757165
"ENSMUSG00000029343","Down",-2.06802475144026,0.0031675648182949
"ENSMUSG00000019761","Down",-1.76878162545576,0.0327889627634375
"ENSMUSG00000022871","Up",2.55843543582735,0.0217243832630361
"ENSMUSG00000055865","Down",-1.85198418735307,0.0417091245134372
"ENSMUSG00000033268","Down",-2.70813886122126,0.0468144869463082
