"","PC1","PC2","PC3","PC4","PC5","Names","Treatment"
"PBS_1",-18.0962736173099,9.02349388190814,9.24150458101365,1.71305852188632,1.89918831433927,"CONTROL","CONTROL"
"PBS_2",-16.2856162722872,-3.96670066960388,9.68846421247394,8.55036991206333,-1.93456273640315,"CONTROL","CONTROL"
"PBS_3",-18.3038780207329,0.980719720015962,6.72201441901183,2.92563702757695,-1.57552222555864,"CONTROL","CONTROL"
"PBS_4",-15.994477089441,-1.69761240114991,-4.03443994082744,8.70901128984927,6.86764831068201,"CONTROL","CONTROL"
"PBS_5",-19.8954421997161,-4.55813441086587,-10.3228470131334,-0.733870029955048,2.5646743774712,"CONTROL","CONTROL"
"PBS_6",-19.2115372885912,-9.16274439119416,-14.6573288594266,-3.82467349157073,-5.59618095497797,"CONTROL","CONTROL"
"CVB3_1",32.5554227160876,-12.6553254859478,8.6884507222665,1.7333876799621,-6.60084572449198,"INFECTED","INFECTED"
"CVB3_2",7.19202218434762,-0.137576199023732,10.9052519907824,-3.62812930317154,-1.72566469641534,"INFECTED","INFECTED"
"CVB3_3",0.322391327448576,-3.35373065858475,0.90931084030168,-19.5351510987818,-3.33058168392025,"INFECTED","INFECTED"
"CVB3_4",18.9394179251434,4.91574761139311,-0.0303159306389058,-6.19493049190252,19.0397931685951,"INFECTED","INFECTED"
"CVB3_5",11.5374850790222,24.271623674799,-6.7207442556927,0.572865169162581,-9.84177415482118,"INFECTED","INFECTED"
"CVB3_6",37.2404852560289,-3.6597606717462,-10.3893207661309,9.71242481488112,0.233828005500901,"INFECTED","INFECTED"
