"","Ensembl_ID","Regulation","PBS_1","PBS_2","PBS_3","PBS_4","PBS_5","PBS_6","PBS_7","PBS_8","PBS_9","PBS_10","PBS_11","PBS_12","CVB3_1","CVB3_2","CVB3_3","CVB3_4","CVB3_5","CVB3_6","CVB3_7","CVB3_8","CVB3_9","CVB3_10","CVB3_11","CVB3_12"
"Ccl3","ENSMUSG00000000982","Up",3.732863,4.373143,4.269202,4.259316,3.762054,3.364724,2.268454,2.646418,2.379925,3.328844,2.473692,2.475414,7.399428,6.432254,8.221992,9.009898,9.419526,9.101064,8.327537,8.00939,7.838506,7.643233,8.122937,7.387201
"Ccl24","ENSMUSG00000004814","Down",5.913314,5.948259,5.699239,5.852383,6.002789,6.265426,5.005725,4.895727,5.030175,5.325309,5.589594,5.487851,4.198658,4.584121,5.050869,5.060749,4.73127,4.39768,2.673225,2.350267,3.533083,3.021665,2.136387,2.799719
"Tnfsf14","ENSMUSG00000005824","None",3.679376,4.128335,3.87077,4.758094,4.420949,3.843362,2.922955,2.370583,2.682671,2.942575,3.394392,3.049856,4.334987,4.237665,4.377422,5.41079,4.763847,4.622545,3.491676,3.506784,3.501629,3.586385,4.209008,3.571683
"Ccl8","ENSMUSG00000009185","Up",5.819288,5.518489,7.822567,6.814776,6.434487,6.003983,3.167085,2.633038,3.416162,2.727798,2.617947,2.985434,7.176524,8.145556,9.165895,8.844148,8.562103,8.343746,7.246231,7.244695,7.421389,7.491553,7.374599,6.695538
"Csf1","ENSMUSG00000014599","None",8.681637,8.321408,8.601612,9.031017,9.669946,9.034163,6.979153,7.238814,7.041425,7.314558,7.400979,7.278483,8.847533,8.744782,10.2028,9.818203,10.08417,9.547471,8.61373,8.125376,8.088972,7.977252,8.498712,8.846742
"Il19","ENSMUSG00000016524","None",2.800978,3.323038,3.232015,3.516844,3.14621,3.549759,3.306976,2.817001,2.874075,2.613361,2.54826,2.41947,4.081946,3.923067,4.219204,3.446034,3.076291,3.149418,3.017622,2.476477,2.497066,3.089725,2.610629,2.668901
"Il10","ENSMUSG00000016529","None",3.106037,3.800473,3.966334,4.260548,4.385345,3.793278,1.872497,3.139906,1.808161,2.343041,2.617887,1.869314,4.631999,4.003015,4.954117,4.561964,4.766564,4.998938,3.727938,3.23579,2.980503,3.884231,3.766707,2.867522
"Ccl6","ENSMUSG00000018927","Up",5.652206,5.348725,5.888285,6.572935,7.073084,6.731349,5.668879,4.755729,5.640764,6.133348,5.107039,5.528061,7.965382,7.89488,8.846826,7.911948,7.676837,8.676037,6.043017,6.264644,6.771884,6.78817,7.538805,6.391912
"Ccl4","ENSMUSG00000018930","Up",6.149229,6.282371,6.732971,6.657255,6.458295,6.769838,4.230562,4.60449,4.606245,4.032063,4.067749,4.274003,9.655231,8.979158,11.12001,11.93572,12.2697,11.81036,11.0454,10.58707,10.5846,10.61493,10.84329,10.17289
"Ccl9","ENSMUSG00000019122","Up",8.840065,8.995288,9.445782,10.25103,10.37505,10.09609,9.391706,9.092997,9.374434,9.608988,8.893723,9.14708,10.93094,11.34762,11.76468,12.13871,12.13535,12.41237,11.52151,11.16835,11.40698,11.72409,11.77772,11.03046
"Il20ra","ENSMUSG00000020007","None",6.019115,5.750148,6.268509,6.648499,6.096996,5.797362,6.236621,5.285578,5.663755,5.519693,6.023644,5.8784,5.841314,6.30149,4.936331,5.870816,5.767557,5.811996,5.24469,4.935515,5.018045,5.134768,5.220634,5.075805
"Ccl11","ENSMUSG00000020676","Up",7.146087,6.737074,7.000702,6.497556,6.349503,7.259057,6.207788,6.305795,6.153101,5.433076,5.905455,5.894673,10.28438,9.674979,10.0376,9.293689,9.273701,8.844864,7.944882,8.779533,8.437648,8.037581,8.966065,7.940924
"Ccl1","ENSMUSG00000020702","None",2.871836,2.411156,2.353453,2.62797,2.742807,2.825372,2.315763,1.975055,3.051364,2.078924,1.790891,2.249662,2.596934,2.203093,2.738829,2.73098,2.844197,2.764419,1.492466,1.570268,1.382654,1.746696,1.898795,1.893211
"Cxcl14","ENSMUSG00000021508","None",7.940315,7.602003,8.685076,7.862637,7.533767,7.594347,7.906192,8.144142,8.358058,7.899272,7.430589,8.666783,9.286136,9.577114,9.927159,8.088088,7.554042,7.627385,8.790656,8.118206,8.348845,8.6933,8.566929,7.631782
"Il6st","ENSMUSG00000021756","None",4.26336,3.719008,3.674412,10.78505,10.79267,10.70368,9.842416,9.512661,9.620067,9.74974,9.587372,9.702242,4.840827,2.871312,4.055896,10.87307,11.19795,10.90069,10.36351,10.03801,10.12024,10.45027,10.04262,10.42016
"Tnfrsf10b","ENSMUSG00000022074","None",7.990878,7.808852,8.055265,8.305119,7.796009,7.966579,8.22406,8.398542,8.235958,8.494264,8.91826,8.774071,7.529923,7.291605,8.194128,7.346788,7.496425,7.362425,6.70324,6.912993,7.067374,7.568902,7.968102,7.920927
"Cxcl13","ENSMUSG00000023078","Up",8.013407,2.986231,2.994855,3.65405,5.057184,4.79107,2.334188,1.884641,1.871965,2.459886,2.294376,2.194276,7.930169,9.328084,8.056357,5.838613,6.228478,11.73558,6.356177,6.098419,6.545989,6.325023,6.889592,6.344585
"Tnf","ENSMUSG00000024401","Up",3.640128,3.772629,3.808094,4.006701,3.833926,4.749282,2.188832,3.458596,2.306803,2.067073,2.092969,2.890833,5.016526,3.673348,5.596793,6.279306,7.544535,6.760678,5.988821,5.372392,6.034925,5.607657,6.125334,4.555705
"Lta","ENSMUSG00000024402","None",4.072298,4.408972,3.999847,4.448326,4.609531,4.459936,2.928694,2.441738,2.791676,2.377093,3.685166,2.433908,5.197967,4.978739,5.17129,5.654503,5.205499,5.713686,2.604894,2.975185,3.250545,2.781913,3.253392,2.81284
"Csf1r","ENSMUSG00000024621","None",7.882746,7.87126,8.593859,9.048893,9.106085,9.070014,8.735995,8.56496,8.816945,9.017372,8.968978,8.848011,7.154773,7.327512,7.598439,9.021385,8.866654,9.283626,8.745056,8.625548,8.832691,8.560873,8.775969,7.874583
"Il6","ENSMUSG00000025746","Up",3.45023,3.574937,3.610691,3.1746,2.947129,3.215967,2.946095,2.802488,2.625768,2.982636,3.270126,2.316056,6.577127,4.567333,6.341349,4.31506,6.330937,4.835683,3.26066,3.494997,4.609338,5.083975,4.871744,5.482569
"Ccr1","ENSMUSG00000025804","None",2.949142,2.710569,2.577631,2.967557,3.184933,3.114209,2.466015,1.738238,2.139186,1.508402,1.773707,1.768637,2.818748,2.59692,2.499359,2.556775,2.828255,3.016621,2.176865,2.172144,2.273456,2.015777,1.560101,1.832923
"Il18rap","ENSMUSG00000026068","None",5.571274,5.204929,5.54073,5.824439,6.039652,6.132214,3.816982,3.6468,4.254678,3.692934,3.740091,2.702372,5.842773,5.436539,5.222316,6.067118,5.807683,5.88247,4.487733,3.7461,3.73911,3.638199,4.512688,4.441361
"Il18r1","ENSMUSG00000026070","None",2.233674,3.075262,4.649216,3.764771,2.996116,3.034396,3.645266,3.061804,2.958198,3.194395,3.941766,3.416751,3.86086,3.674933,4.207451,5.058808,3.221377,5.523528,3.887666,4.647118,4.600917,4.164005,3.185958,2.913855
"Ccl20","ENSMUSG00000026166","None",4.637504,3.485911,4.278795,3.654081,4.61705,4.508205,2.318062,3.11354,3.449292,1.967558,2.919763,3.068896,3.705704,4.512352,4.538504,5.008722,4.264492,4.607711,2.719848,2.629156,2.775253,2.744835,2.780545,2.67902
"Cxcr2","ENSMUSG00000026180","None",2.992414,3.24208,2.436393,3.655387,3.232691,2.454726,2.592092,1.933317,1.808751,2.069965,2.003393,1.984933,2.850284,3.188741,2.825083,3.962411,3.304906,3.986842,2.408628,3.327564,3.18441,3.20119,4.421061,5.038544
"Il20","ENSMUSG00000026416","None",2.192859,2.58341,2.414614,2.660486,2.855466,3.056044,1.802343,1.719821,2.439221,1.626933,1.625813,1.58428,2.382911,2.354067,2.606557,2.81918,2.874238,2.956765,1.838685,1.824108,1.600467,1.482458,1.512377,1.768432
"Xcl1","ENSMUSG00000026573","Up",2.823048,3.589384,3.495684,3.51118,3.666898,3.609103,1.835319,2.499341,2.623306,2.570429,2.574687,2.211756,3.673261,2.557805,2.851955,5.673688,5.229664,5.159485,4.030927,4.777322,3.686454,4.012422,3.703174,2.651811
"Il2ra","ENSMUSG00000026770","None",3.911204,3.606934,4.041928,3.434418,3.6865,3.437349,3.465791,2.971362,4.746288,3.374545,4.502597,2.909177,3.600223,3.554894,3.428821,3.64233,3.617018,4.159091,3.037407,3.743245,4.03225,2.314802,3.233296,2.86456
"Il2","ENSMUSG00000027720","None",4.826325,4.27713,4.391662,4.895197,5.26855,5.153401,3.206973,2.534409,3.117201,2.623742,3.584074,2.531651,4.68844,5.512763,4.210369,5.539043,5.047944,5.075809,3.250953,2.509117,3.342231,2.476375,2.857489,2.802265
"Il6ra","ENSMUSG00000027947","None",5.130532,5.884396,5.741584,6.685273,7.247203,5.401038,5.36026,5.341806,5.043444,5.758487,5.171309,4.990394,7.352048,7.739951,7.225596,7.421621,5.721798,7.180114,5.469268,6.04202,5.98469,5.799207,6.348222,5.895379
"Tnfrsf1b","ENSMUSG00000028599","Up",3.763393,4.419184,4.726308,4.757527,5.470052,3.658625,4.496062,3.77421,4.722028,4.579428,3.618155,4.435974,6.348869,5.480336,6.696015,6.837194,6.703502,6.843017,6.293128,6.317596,6.446534,5.928155,6.937928,6.363132
"Ppbp","ENSMUSG00000029372","None",2.84183,4.773828,3.620527,5.787026,6.608805,5.556021,5.359489,5.994706,4.880811,6.212792,4.818247,3.362652,3.978533,3.90004,4.17372,5.07874,4.120989,4.864302,6.331625,4.961571,5.338535,5.769154,5.190557,4.109687
"Pf4","ENSMUSG00000029373","None",9.258594,9.167138,9.357745,10.23711,10.07393,10.17923,9.954557,9.724792,9.583806,9.699129,9.523276,9.540119,9.207189,7.763793,9.170607,9.247689,8.8563,9.635679,8.418459,8.138906,8.355573,8.662488,8.887053,8.485292
"Cxcl3","ENSMUSG00000029379","None",2.887944,2.738013,3.445777,2.770785,2.623635,2.686303,2.451279,2.149076,1.742483,1.966343,1.977603,1.889073,3.555485,2.70392,2.905239,2.967992,3.148755,3.158191,1.561156,1.516586,2.447003,1.837978,2.111904,1.804907
"Cxcl1","ENSMUSG00000029380","Up",7.109701,8.055376,8.327415,7.61445,7.666294,6.94107,5.984258,6.608229,6.009306,5.98895,6.646306,5.592978,13.16141,10.2054,12.68452,11.15447,11.52632,10.55583,7.802626,8.909297,9.184215,9.143141,9.922915,9.554932
"Cxcl9","ENSMUSG00000029417","Up",8.161982,8.43314,8.128764,9.190133,9.731312,9.578144,7.863133,8.604587,8.181404,8.331323,8.115845,8.304748,8.57174,10.42906,10.21609,12.4393,12.29733,12.07158,12.40951,11.61987,11.27422,11.39397,11.22957,10.7414
"Ccr9","ENSMUSG00000029530","None",3.154218,2.417588,2.610751,3.269499,3.561393,3.215477,1.636097,2.614289,2.110821,1.86813,1.543556,1.966544,3.087617,3.087809,3.036537,3.070462,3.303678,2.822387,1.707574,1.924139,1.565174,1.997378,1.949875,1.783911
"Ltbr","ENSMUSG00000030339","None",6.784232,7.188098,6.799006,7.719162,7.536694,7.223989,6.99039,6.762907,6.875826,6.79521,7.024848,6.484307,7.616934,6.978027,7.907261,7.751821,7.832685,7.4726,7.009164,7.652663,7.536301,7.438614,7.845769,8.034404
"Tnfrsf1a","ENSMUSG00000030341","Up",5.800396,5.64073,6.070384,6.86993,6.701131,6.714102,7.736031,8.006617,7.823745,7.808706,7.113782,7.390316,8.056426,7.34115,8.114094,7.572834,7.691501,7.840352,8.030397,8.559371,8.707827,8.995816,9.415194,9.445325
"Il2rg","ENSMUSG00000031304","Up",5.474383,5.800756,5.047229,5.8028,6.687153,6.366704,4.492135,5.181304,5.391268,5.355228,5.125225,5.990386,5.939923,6.322049,6.64253,7.792365,8.148604,7.939672,7.478363,6.946161,6.568145,6.674324,6.567869,6.627946
"Il34","ENSMUSG00000031750","None",4.821347,4.725606,4.41258,5.701913,5.58392,6.154325,4.838852,5.046265,3.753826,4.428206,3.673625,4.132941,3.862712,4.142512,5.303991,6.256254,5.712695,6.022323,5.529465,5.067532,5.00406,5.458162,5.631732,4.301761
"Cx3cl1","ENSMUSG00000031778","None",7.399908,7.917371,7.725813,8.195293,8.080976,7.774297,6.794056,6.711507,6.73718,7.048255,7.072834,6.971187,7.930833,7.031784,7.899879,8.574861,9.094066,8.523761,8.386721,7.959359,7.731463,7.737884,7.704176,7.564404
"Ccl22","ENSMUSG00000031779","None",3.089631,4.041577,3.592211,3.549744,4.706778,3.893302,3.040828,2.613099,2.658915,2.808463,2.188211,3.359819,4.38949,4.085587,4.007661,3.519382,4.23816,4.373658,3.09102,2.519701,2.89469,2.204016,3.003,3.449498
"Ccl17","ENSMUSG00000031780","None",2.641313,2.602371,2.970657,3.982414,3.549861,2.960459,1.793463,2.457119,2.685803,2.437304,1.871572,2.376787,3.222121,2.663963,3.368986,4.298856,4.122092,3.278138,2.516547,3.496775,3.050041,2.93702,4.009343,2.637992
"Il10ra","ENSMUSG00000032089","Up",4.177741,4.393785,5.466328,6.202928,6.832725,5.260939,2.812902,4.541917,5.016375,4.816852,4.395756,4.818882,5.731019,5.675238,6.68046,8.423896,8.501259,8.282154,7.162495,7.136662,7.003973,6.95296,6.764863,6.159242
"Cxcl10","ENSMUSG00000034855","Up",3.679001,3.55712,3.451903,4.636712,5.23431,3.837102,3.078321,2.81937,4.09605,3.629298,3.196419,4.362728,9.92464,9.809012,10.83386,10.82006,11.84433,10.75323,10.83389,10.36143,10.12786,10.4747,10.51674,11.01507
"Ccl5","ENSMUSG00000035042","Up",5.838995,5.488177,5.92636,7.50128,7.580122,6.802401,4.882608,3.775749,5.525078,6.231719,5.572215,6.622128,10.07327,9.554214,9.746515,13.28443,13.03633,13.12473,13.17259,12.91461,12.69452,12.65202,12.46869,10.95783
"Ccl12","ENSMUSG00000035352","Up",7.219018,7.944047,7.635553,8.770044,8.396864,7.931365,6.092378,6.922506,6.385633,6.301167,6.338306,6.576971,7.918668,8.916939,10.80445,11.19346,11.64915,11.34657,10.64829,10.33684,10.22056,10.21671,10.14418,10.01796
"Ccl7","ENSMUSG00000035373","Up",6.713745,6.889841,7.36748,8.510201,8.329041,8.052849,6.515803,6.905987,6.411193,5.839233,5.716686,6.157954,12.27339,10.28277,13.17854,12.52148,13.31808,12.76634,11.60905,12.01849,12.06492,12.37312,12.55113,12.59541
"Ccl2","ENSMUSG00000035385","Up",3.965974,3.8643,3.801343,5.736123,5.695053,4.715109,3.756465,3.423599,3.900927,2.632544,4.068484,2.71777,10.72473,7.689186,11.31157,10.04896,11.43754,10.5377,9.315921,9.827843,9.825826,10.85627,10.93846,11.05896
"Ccr3","ENSMUSG00000035448","None",3.80493,3.694118,3.29794,3.30828,3.72576,3.836689,1.834349,2.413794,2.257668,2.079696,2.344406,2.33473,2.907116,3.093505,3.108039,3.729765,3.768162,3.486141,2.07669,2.069532,2.311756,2.24009,2.837857,2.204536
"Il22ra1","ENSMUSG00000037157","None",4.748332,4.906552,4.720366,5.727543,5.36081,5.398508,3.807321,2.320434,2.666569,3.640049,4.601623,2.985599,4.299805,3.78761,3.878334,4.837675,5.605997,4.494644,3.568357,3.700661,3.852537,4.638723,4.417545,4.685254
"Ccr7","ENSMUSG00000037944","None",4.833858,5.501675,5.432535,4.377727,5.212405,5.21455,4.367255,3.334256,3.83014,3.52476,3.098051,4.107976,5.169487,5.086096,4.442634,4.574413,5.409569,5.222015,3.970942,3.709911,3.701094,3.944494,3.080123,3.274058
"Il18","ENSMUSG00000039217","Up",3.389664,3.162056,3.087445,4.481921,4.708923,4.774319,3.864498,3.797391,4.07279,5.296298,3.133872,3.864282,4.884905,5.208943,6.677144,6.898983,6.5874,7.168715,5.931159,5.77003,6.175544,6.02177,6.041762,5.445101
"Tnfsf10","ENSMUSG00000039304","Up",7.627724,7.622294,7.670067,7.740807,7.422027,7.752008,6.681165,7.041954,6.548813,6.797221,6.931352,7.145818,6.841069,8.529508,8.085595,8.444692,8.812742,8.466317,8.826563,8.225132,7.927572,8.397116,8.183098,8.705424
"Ccr6","ENSMUSG00000040899","None",5.063796,4.447078,3.677321,4.877763,4.477785,4.369225,2.457242,2.657084,3.032795,2.078363,3.796964,2.242438,4.409985,3.676003,3.458948,4.132622,4.699751,4.549612,2.686626,3.081043,2.580446,2.590752,2.85692,2.053722
"Ccr8","ENSMUSG00000042262","None",2.788729,3.268982,3.096607,3.167998,3.080498,3.222581,2.631605,2.735876,1.742134,2.305605,2.185442,1.604056,3.313913,3.420813,2.820939,3.315966,2.732482,3.175155,1.96584,1.593632,2.172103,2.115627,2.471007,2.11228
"Tnfrsf14","ENSMUSG00000042333","None",4.204669,3.67739,4.229641,3.390023,3.024038,3.096102,2.281383,2.338775,2.380049,1.657758,1.702501,1.781468,3.531178,4.305399,3.166188,3.467008,3.862674,3.67872,1.874128,2.121217,2.918058,1.95922,2.16521,2.226526
"Ccr10","ENSMUSG00000044052","None",3.027698,3.911232,3.51249,3.478127,3.93751,3.888756,2.497186,2.715256,2.4289,2.343488,2.445629,2.751766,3.339594,3.515555,3.20275,3.800373,3.989342,3.304756,2.13564,2.472133,2.002307,3.084898,2.033514,2.445019
"Il20rb","ENSMUSG00000044244","Up",4.905147,4.051498,4.603621,6.253541,5.772519,6.215269,4.35471,5.158727,4.597253,3.07061,5.232675,4.395109,7.721764,6.567037,7.316892,6.713401,7.224926,7.249854,5.341863,6.341053,6.228271,6.064118,6.837498,6.210525
"Ackr3","ENSMUSG00000044337","None",4.612664,3.549219,5.20303,4.86705,4.030395,4.526706,2.918515,2.099921,3.757408,2.595832,2.31815,1.713058,4.879782,3.360242,5.470892,4.030057,4.947793,5.487108,3.256561,3.074365,2.094921,2.919077,3.127617,3.183117
"Cxcr4","ENSMUSG00000045382","None",7.94433,8.244172,7.879687,7.358698,7.11064,6.583324,7.256424,7.333909,7.316247,7.922346,7.112519,7.266513,5.902154,6.70685,5.325863,7.226315,6.449233,6.656526,7.033455,6.934635,6.716844,6.346814,6.848486,6.345238
"Cxcr5","ENSMUSG00000047880","None",4.079618,3.304827,4.789076,3.764154,4.884482,4.054646,3.074859,3.335066,2.618461,3.276428,3.216054,2.930719,3.362353,4.276052,4.616174,4.467531,4.01322,5.162121,2.591578,3.249446,2.053078,2.739564,2.995422,3.535054
"Ccr4","ENSMUSG00000047898","None",3.050614,3.020062,3.251478,3.172562,2.766922,3.296856,2.613676,2.672382,2.17041,3.511858,2.451927,2.864505,3.466055,2.691943,3.084953,3.329664,3.7707,2.906469,1.765257,2.723255,2.646446,2.829141,2.184829,2.142975
"Cxcr1","ENSMUSG00000048480","None",2.798802,3.38674,3.69822,3.951335,3.795758,3.280494,2.336433,1.855187,2.06852,2.017408,2.326091,1.812778,3.256399,3.287525,3.997715,3.576392,3.275274,3.69203,2.297141,2.433099,2.596839,2.634956,2.548121,2.706249
"Ccr2","ENSMUSG00000049103","None",2.866929,2.87554,2.902174,3.312336,3.418494,3.044508,3.210891,2.370401,2.366314,2.613074,2.69204,2.042922,2.979287,2.602988,2.861414,3.773201,4.607295,4.349953,2.569296,3.20911,3.420173,2.896414,3.517402,2.509685
"Cxcr3","ENSMUSG00000050232","None",3.620858,3.827286,4.302016,3.490664,3.785216,3.770848,2.382815,2.846969,2.247628,2.250415,2.405208,3.060133,3.499153,3.758224,2.949324,4.597507,3.660552,5.522415,3.138327,3.196362,3.31107,2.781434,2.739852,3.350673
"Cx3cr1","ENSMUSG00000052336","Down",6.737253,7.63123,7.3948,7.84482,7.994941,7.403794,6.926847,6.923983,6.329814,6.774049,6.659806,7.061389,4.504882,4.864366,5.511862,7.066624,6.540074,6.341244,6.056514,5.54266,5.857517,5.311803,5.612724,3.602014
"Cxcl2","ENSMUSG00000058427","Up",3.819103,3.946478,2.735742,3.84,3.22121,4.009918,2.221529,2.872323,2.801499,2.588952,2.685776,2.761179,6.823497,4.243563,5.896675,4.793773,5.94811,4.944295,3.081738,3.857559,4.015366,4.011508,4.037228,3.437789
"Xcr1","ENSMUSG00000060509","None",3.005769,3.201378,2.963077,2.824168,3.062421,2.962041,1.8945,2.894409,3.317288,1.583391,2.070955,1.90825,2.887093,2.976047,3.309828,2.898945,2.976976,2.843781,1.903579,1.888657,2.112048,2.251864,2.547498,2.692032
"Cxcl12","ENSMUSG00000061353","Down",13.15228,13.13411,13.29289,13.82053,13.82193,13.62158,12.72314,12.68219,12.71212,12.45843,12.62567,12.36767,11.93724,11.90031,12.23126,12.72214,12.38242,12.86448,11.54896,11.45193,11.27789,11.2129,11.37926,11.27028
"Ccr1l1","ENSMUSG00000064039","None",2.912895,3.965026,3.793108,4.181498,4.367965,3.667739,2.71625,2.386456,1.859738,2.071213,1.871521,2.403049,3.228069,3.565071,2.80767,3.94335,3.429957,4.037395,1.761768,1.872303,2.20271,2.027201,2.640414,2.778439
"Il2rb","ENSMUSG00000068227","None",4.637402,5.0969,4.202212,4.636647,4.9065,4.872013,4.071663,3.267272,2.725152,4.553667,2.953795,4.055364,5.209237,4.624349,4.915981,5.224915,5.1761,5.409055,3.457419,3.986442,4.270825,3.823441,4.478938,2.440263
"Ccl26","ENSMUSG00000070464","None",3.828653,3.050781,2.852345,2.951067,3.257957,3.156897,2.096711,2.139066,3.59902,2.252511,2.279896,2.285208,3.042038,3.080023,3.861972,2.919829,3.509906,2.955895,1.975419,1.909641,2.106581,2.123707,2.81459,1.749117
"Ccl19","ENSMUSG00000071005","Up",3.962903,4.145027,4.920995,6.902442,6.685474,6.869588,5.198454,4.906309,5.131039,5.649646,3.676479,4.955363,6.012234,5.859959,7.092986,9.478674,9.915053,9.301248,10.03479,9.964456,9.925991,9.794641,9.415395,8.354978
"Ccl27a","ENSMUSG00000073888","None",6.003538,6.414452,6.092893,9.778605,9.734679,9.940963,8.194629,8.543831,8.447021,8.660528,8.53788,8.445204,4.206883,4.727437,3.34008,9.105857,9.358334,9.082039,8.072781,7.938249,7.827123,7.675138,7.189211,7.746264
"Ccl28","ENSMUSG00000074715","None",3.178544,3.153173,3.545824,3.661688,3.285594,3.180052,2.148838,1.716348,3.276745,2.062283,2.021945,2.111533,3.346565,3.467631,3.184949,4.13021,3.378837,3.537802,2.018364,2.06572,2.205969,2.396304,2.058532,2.164471
"Ccl21a","ENSMUSG00000094686","None",10.04866,9.606659,10.73933,10.78477,10.8179,10.68662,9.871819,10.49429,10.2762,10.69264,10.10277,10.36589,8.456124,8.837795,9.769773,10.51399,10.46203,10.09297,9.764978,9.751976,10.0528,9.533772,9.203368,8.940701
