"ensembl_ID","symbol","entrezgene_id","log2FC","Adjusted_P_value","description"
"ENSMUSG00000025498","Irf7","54123",3.64110166666667,4.1044874643108e-07,"Interferon regulatory factor 7"
"ENSMUSG00000059089","Fcgr4","246256",3.38425833333333,2.11229197943745e-05,"Fc receptor, IgG, low affinity IV"
"ENSMUSG00000054072","Iigp1","60440",3.37845,1.45789689989812e-05,"Interferon inducible GTPase 1"
"ENSMUSG00000009185","Ccl8","20307",3.30319,1.5363127448019e-05,"C-C motif chemokine ligand 8"
"ENSMUSG00000068606","Gm4841","225594",3.26901833333333,1.52780800144573e-05,"Predicted gene 4841"
"ENSMUSG00000090231","Cfb","14962",3.268505,1.5363127448019e-05,"Complement factor B"
"ENSMUSG00000046879","Irgm1","15944",3.21854333333333,8.75004388694597e-06,"Immunity-related GTPase family M member 1"
"ENSMUSG00000028459","Cd72","12517",3.02895666666667,1.5363127448019e-05,"CD72 antigen"
"ENSMUSG00000049103","Ccr2","12772",3.00043833333333,1.52780800144573e-05,"C-C motif chemokine receptor 2"
"ENSMUSG00000002033","Cd3g","12502",2.95529833333333,1.5363127448019e-05,"CD3 antigen, gamma polypeptide"
"ENSMUSG00000024675","Ms4a4c","64380",2.86917,1.57105308263012e-05,"Membrane-spanning 4-domains, subfamily A, member 4C"
"ENSMUSG00000029322","Plac8","231507",2.74903166666667,4.92139739975738e-05,"Placenta-specific 8"
"ENSMUSG00000053063","Clec12a","232413",2.68413666666667,2.14758190458235e-05,"C-type lectin domain family 12, member a"
"ENSMUSG00000074896","Ifit3","15959",2.669395,2.11229197943745e-05,"Interferon-induced protein with tetratricopeptide repeats 3"
"ENSMUSG00000028268","Gbp3","55932",2.65649666666667,1.5363127448019e-05,"Guanylate binding protein 3"
"ENSMUSG00000079227","Ccr5","12774",2.63535,1.57105308263012e-05,"C-C motif chemokine receptor 5"
"ENSMUSG00000000682","Cd52","23833",2.59533833333333,1.5363127448019e-05,"CD52 antigen"
"ENSMUSG00000029417","Cxcl9","17329",2.579565,0.000147461148571228,"C-X-C motif chemokine ligand 9"
"ENSMUSG00000034459","Ifit1","15957",2.56728333333333,1.5363127448019e-05,"Interferon-induced protein with tetratricopeptide repeats 1"
"ENSMUSG00000029752","Asns","27053",2.44380833333333,1.5363127448019e-05,"Asparagine synthetase"
"ENSMUSG00000034855","Cxcl10","15945",2.43136166666667,7.53720506924961e-05,"C-X-C motif chemokine ligand 10"
"ENSMUSG00000040264","Gbp2b","14468",2.398135,6.07349347702629e-05,"Guanylate binding protein 2b"
"ENSMUSG00000015340","Cybb","13058",2.37464333333333,1.5363127448019e-05,"Cytochrome b-245, beta polypeptide"
"ENSMUSG00000005667","Mthfd2","17768",2.373515,2.40126473587853e-05,"Methylenetetrahydrofolate dehydrogenase (NAD+ dependent), methenyltetrahydrofolate cyclohydrolase"
"ENSMUSG00000000204","Slfn4","20558",2.361155,4.00911108624788e-05,"Schlafen 4"
"ENSMUSG00000024338","Psmb8","16913",2.35460166666667,2.40126473587853e-05,"Proteasome (prosome, macropain) subunit, beta type 8 (large multifunctional peptidase 7)"
"ENSMUSG00000028364","Tnc","21923",2.34435333333333,0.000471150899386171,"Tenascin C"
"ENSMUSG00000001131","Timp1","21857",2.23188,0.000865838545851207,"Tissue inhibitor of metalloproteinase 1"
"ENSMUSG00000028037","Ifi44","99899",2.203895,1.5363127448019e-05,"Interferon-induced protein 44"
"ENSMUSG00000015437","Gzmb","14939",2.18772666666667,0.000131471635561617,"Granzyme B"
"ENSMUSG00000046805","Mpeg1","17476",2.17141666666667,6.13519687727232e-05,"Macrophage expressed gene 1"
"ENSMUSG00000043832","Clec4a3","73149",2.16191166666666,7.58572524213686e-05,"C-type lectin domain family 4, member a3"
"ENSMUSG00000026395","Ptprc","19264",2.15161,1.5363127448019e-05,"Protein tyrosine phosphatase receptor type C"
"ENSMUSG00000024672","Ms4a7","109225",2.15082166666667,6.76330096702535e-05,"Membrane-spanning 4-domains, subfamily A, member 7"
"ENSMUSG00000044703","Phf11a","219131",2.14885833333334,7.34625112699217e-05,"PHD finger protein 11A"
"ENSMUSG00000021423","Ly86","17084",2.11177333333333,2.14758190458235e-05,"Lymphocyte antigen 86"
"ENSMUSG00000038642","Ctss","13040",2.08219,1.71316303037135e-05,"Cathepsin S"
"ENSMUSG00000027514","Zbp1","58203",2.08169166666667,0.000119433432460235,"Z-DNA binding protein 1"
"ENSMUSG00000049037","Clec4a1","269799",2.07225166666667,9.25316161807826e-05,"C-type lectin domain family 4, member a1"
"ENSMUSG00000016496","Cd274","60533",2.046875,0.00027904666984417,"CD274 antigen"
"ENSMUSG00000023132","Gzma","14938",2.02009666666667,7.58572524213686e-05,"Granzyme A"
"ENSMUSG00000078763","Slfn1","20555",1.98937333333333,0.000195216938279286,"Schlafen 1"
"ENSMUSG00000000982","Ccl3","20302",1.98531333333333,6.07349347702629e-05,"C-C motif chemokine ligand 3"
"ENSMUSG00000004730","Adgre1","13733",1.96604,3.27838952711127e-05,"Adhesion G protein-coupled receptor E1"
"ENSMUSG00000062488","Ifit3b","667370",1.96369666666667,0.000255833447535696,"Interferon-induced protein with tetratricopeptide repeats 3B"
"ENSMUSG00000004612","Nkg7","72310",1.95606833333333,0.000229643516632834,"Natural killer cell group 7 sequence"
"ENSMUSG00000039264","Gimap3","83408",1.95361166666667,7.58572524213686e-05,"GTPase, IMAP family member 3"
"ENSMUSG00000034438","Gbp8","76074",1.95064333333333,4.00911108624788e-05,"Guanylate-binding protein 8"
"ENSMUSG00000037321","Tap1","21354",1.94189333333333,5.05914627564399e-05,"Transporter 1, ATP-binding cassette, sub-family B (MDR/TAP)"
"ENSMUSG00000045932","Ifit2","15958",1.904985,0.000145597750855947,"Interferon-induced protein with tetratricopeptide repeats 2"
"ENSMUSG00000048852","Gm12185","620913",1.898865,0.00391495324179949,"Predicted gene 12185"
"ENSMUSG00000035929","H2-Q4","15015",1.885455,8.31124554381191e-05,"Histocompatibility 2, Q region locus 4"
"ENSMUSG00000052160","Pld4","104759",1.88026,3.09600828159747e-05,"Phospholipase D family member 4"
"ENSMUSG00000000290","Itgb2","16414",1.87351166666667,7.34625112699217e-05,"Integrin beta 2"
"ENSMUSG00000079363","Gbp4","17472",1.84786,0.000111052462707887,"Guanylate binding protein 4"
"ENSMUSG00000045551","Fpr1","14293",1.84594,2.14758190458235e-05,"Formyl peptide receptor 1"
"ENSMUSG00000073421","H2-Ab1","14961",1.84065833333333,5.87540731495819e-05,"Histocompatibility 2, class II antigen A, beta 1"
"ENSMUSG00000040747","Cd53","12508",1.83783166666667,6.13519687727232e-05,"CD53 antigen"
"ENSMUSG00000030707","Coro1a","12721",1.830865,1.5363127448019e-05,"Coronin, actin binding protein 1A"
"ENSMUSG00000056290","Ms4a4b","60361",1.81250333333333,0.000350173679750633,"Membrane-spanning 4-domains, subfamily A, member 4B"
"ENSMUSG00000021624","Cd180","17079",1.80002333333333,5.87540731495819e-05,"CD180 antigen"
"ENSMUSG00000030786","Itgam","16409",1.79797666666667,0.000146639194949676,"Integrin alpha M"
"ENSMUSG00000024397","Aif1","11629",1.79004666666667,0.000174570168371112,"Allograft inflammatory factor 1"
"ENSMUSG00000040026","Saa3","20210",1.78979166666667,0.00975789156775619,"Serum amyloid A 3"
"ENSMUSG00000025408","Ddit3","13198",1.77657333333334,2.14758190458235e-05,"DNA-damage inducible transcript 3"
"ENSMUSG00000021886","Gpr65","14744",1.77289833333333,0.000143998287968173,"G-protein coupled receptor 65"
"ENSMUSG00000101628","Gm28177",NA,1.74224,1.5363127448019e-05,"Predicted gene 28177"
"ENSMUSG00000036594","H2-Aa","14960",1.738215,2.27596628943916e-05,"Histocompatibility 2, class II antigen A, alpha"
"ENSMUSG00000030107","Usp18","24110",1.73418666666667,1.5363127448019e-05,"Ubiquitin specific peptidase 18"
"ENSMUSG00000096727","Psmb9","16912",1.72611333333333,0.000103823525604356,"Proteasome (prosome, macropain) subunit, beta type 9 (large multifunctional peptidase 2)"
"ENSMUSG00000025017","Pik3ap1","83490",1.72437833333333,3.27838952711127e-05,"Phosphoinositide-3-kinase adaptor protein 1"
"ENSMUSG00000055413","H2-Q5","15016",1.72407666666667,1.45789689989812e-05,"Histocompatibility 2, Q region locus 5"
"ENSMUSG00000034116","Vav1","22324",1.72155166666667,0.000265814068148704,"Vav 1 oncogene"
"ENSMUSG00000053101","Gpr141","353346",1.70676,0.00349131938611725,"G protein-coupled receptor 141"
"ENSMUSG00000055541","Lair1","52855",1.70620833333333,0.000669775217233234,"Leukocyte-associated Ig-like receptor 1"
"ENSMUSG00000040613","Apobec1","11810",1.68914833333333,0.000235030334495661,"Apolipoprotein B mRNA editing enzyme, catalytic polypeptide 1"
"ENSMUSG00000060586","H2-Eb1","14969",1.66256833333334,4.14712387787235e-05,"Histocompatibility 2, class II antigen E beta"
"ENSMUSG00000058715","Fcer1g","14127",1.65418333333333,0.000143998287968173,"Fc receptor, IgE, high affinity I, gamma polypeptide"
"ENSMUSG00000040552","C3ar1","12267",1.65122166666666,9.40961770457099e-05,"Complement component 3a receptor 1"
"ENSMUSG00000031897","Psmb10","19171",1.63976833333334,6.54564058695524e-05,"Proteasome (prosome, macropain) subunit, beta type 10"
"ENSMUSG00000024610","Cd74","16149",1.63873333333333,3.69877401535298e-05,"CD74 antigen (invariant polypeptide of major histocompatibility complex, class II antigen-associated)"
"ENSMUSG00000033880","Lgals3bp","19039",1.63682166666666,1.5363127448019e-05,"Lectin, galactoside-binding, soluble, 3 binding protein"
"ENSMUSG00000039146","Ifi44l","15061",1.631735,0.000301041600780809,"Interferon-induced protein 44 like"
"ENSMUSG00000024679","Ms4a6d","68774",1.625515,9.40961770457099e-05,"Membrane-spanning 4-domains, subfamily A, member 6D"
"ENSMUSG00000060131","Atp8b4","241633",1.62382333333333,0.000255833447535696,"ATPase, class I, type 8B, member 4"
"ENSMUSG00000033220","Rac2","19354",1.62280333333333,9.40961770457099e-05,"Rac family small GTPase 2"
"ENSMUSG00000020143","Dock2","94176",1.61214666666667,9.25316161807826e-05,"Dedicator of cyto-kinesis 2"
"ENSMUSG00000038179","Slamf7","75345",1.60709833333333,0.00162866332438256,"SLAM family member 7"
"ENSMUSG00000021998","Lcp1","18826",1.606535,6.21206090191521e-05,"Lymphocyte cytosolic protein 1"
"ENSMUSG00000053687","Dpep2","319446",1.6058,0.00101838866861198,"Dipeptidase 2"
"ENSMUSG00000035352","Ccl12","20293",1.584975,0.000263604076117555,"C-C motif chemokine ligand 12"
"ENSMUSG00000092021","Gbp11","634650",1.58058333333333,5.05914627564399e-05,"Guanylate binding protein 11"
"ENSMUSG00000000409","Lck","16818",1.57445166666666,0.000546457449915636,"Lymphocyte protein tyrosine kinase"
"ENSMUSG00000040528","Milr1","380732",1.57275333333333,0.000192008520808268,"Mast cell immunoglobulin like receptor 1"
"ENSMUSG00000033777","Tlr13","279572",1.57184833333333,0.00311226356550248,"Toll-like receptor 13"
"ENSMUSG00000026548","Slamf9","98365",1.55316166666667,9.25316161807826e-05,"SLAM family member 9"
"ENSMUSG00000002699","Lcp2","16822",1.54314166666667,0.000174570168371112,"Lymphocyte cytosolic protein 2"
"ENSMUSG00000029254","Stap1","56792",1.53244833333333,0.000577896621580229,"Signal transducing adaptor family member 1"
"ENSMUSG00000027199","Gatm","67092",1.52724166666667,0.000208563269763727,"Glycine amidinotransferase (L-arginine:glycine amidinotransferase)"
"ENSMUSG00000038147","Cd84","12523",1.51558166666667,0.000115556396384119,"CD84 antigen"
"ENSMUSG00000048163","Selplg","20345",1.511125,0.000146639194949676,"Selectin, platelet (p-selectin) ligand"
"ENSMUSG00000028581","Laptm5","16792",1.50687333333333,6.13519687727232e-05,"Lysosomal-associated protein transmembrane 5"
"ENSMUSG00000044827","Tlr1","21897",1.50607666666667,0.000669905379204579,"Toll-like receptor 1"
"ENSMUSG00000018008","Cyth4","72318",1.50510333333333,0.000143101654883456,"Cytohesin 4"
"ENSMUSG00000044811","Cd300c2","140497",1.49817166666667,0.000235030334495661,"CD300C molecule 2"
"ENSMUSG00000040253","Gbp7","229900",1.498005,0.000546457449915636,"Guanylate binding protein 7"
"ENSMUSG00000037731","Themis2","230787",1.48695333333333,0.000235030334495661,"Thymocyte selection associated family member 2"
"ENSMUSG00000023341","Mx2","17858",1.48628333333334,0.000833960710676947,"MX dynamin-like GTPase 2"
"ENSMUSG00000020120","Plek","56193",1.484035,0.00051215438186853,"Pleckstrin"
"ENSMUSG00000022488","Nckap1l","105855",1.48318333333334,9.40961770457099e-05,"NCK associated protein 1 like"
"ENSMUSG00000073418","C4b","12268",1.47746166666667,0.000342617198501182,"Complement C4B (Chido blood group)"
"ENSMUSG00000058818","Pirb","18733",1.470535,0.000803545115048029,"Paired Ig-like receptor B"
"ENSMUSG00000024677","Ms4a6b","69774",1.45892666666667,0.000348448694326589,"Membrane-spanning 4-domains, subfamily A, member 6B"
"ENSMUSG00000068227","Il2rb","16185",1.455075,0.000525598981610747,"Interleukin 2 receptor, beta chain"
"ENSMUSG00000048521","Cxcr6","80901",1.44428666666667,0.00357395377496479,"C-X-C motif chemokine receptor 6"
"ENSMUSG00000049744","Arhgap15","76117",1.43394166666667,0.000174426362071658,"Rho GTPase activating protein 15"
"ENSMUSG00000015355","Cd48","12506",1.42284,0.000669775217233234,"CD48 antigen"
"ENSMUSG00000071715","Ncf4","17972",1.41604333333333,0.000174570168371112,"Neutrophil cytosolic factor 4"
"ENSMUSG00000040483","Xaf1","327959",1.40954166666667,0.000159863104097793,"XIAP associated factor 1"
"ENSMUSG00000026535","Ifi202b","26388",1.40456166666667,0.000255833447535696,"Interferon activated gene 202B"
"ENSMUSG00000003283","Hck","15162",1.40386833333333,0.000359580440029731,"Hemopoietic cell kinase"
"ENSMUSG00000024300","Myo1f","17916",1.40135833333333,0.000239962749911376,"Myosin IF"
"ENSMUSG00000032661","Oas3","246727",1.39802166666667,9.62150382581787e-05,"2'-5' oligoadenylate synthetase 3"
"ENSMUSG00000000386","Mx1",NA,1.39646833333333,0.00304281161633495,"MX dynamin-like GTPase 1"
"ENSMUSG00000030579","Tyrobp","22177",1.39643333333333,0.000218255802675838,"TYRO protein tyrosine kinase binding protein"
"ENSMUSG00000027009","Itga4","16401",1.389955,0.000138535837088839,"Integrin alpha 4"
"ENSMUSG00000056888","Glipr1","73690",1.38058333333333,0.000296197593141651,"GLI pathogenesis related 1"
"ENSMUSG00000079419","Ms4a6c","73656",1.369515,0.000310598651498641,"Membrane-spanning 4-domains, subfamily A, member 6C"
"ENSMUSG00000003882","Il7r","16197",1.369235,0.00182784198106126,"Interleukin 7 receptor"
"ENSMUSG00000024164","C3","12266",1.36768,0.000289517026064468,"Complement component 3"
"ENSMUSG00000072620","Slfn2","20556",1.365525,0.000359580440029731,"Schlafen 2"
"ENSMUSG00000102418","Sh2d1b1","26904",1.36229,0.000514693434291981,"SH2 domain containing 1B1"
"ENSMUSG00000049109","Themis","210757",1.355415,0.00610870549766742,"Thymocyte selection associated"
"ENSMUSG00000027863","Cd2","12481",1.350525,0.000794388068950463,"CD2 antigen"
"ENSMUSG00000022372","Sla","20491",1.34466666666667,0.00152610070518309,"Src-like adaptor"
"ENSMUSG00000068245","Phf11d","219132",1.34222666666667,0.000195216938279286,"PHD finger protein 11D"
"ENSMUSG00000046718","Bst2","69550",1.33966333333333,8.26344790607036e-05,"Bone marrow stromal cell antigen 2"
"ENSMUSG00000062593","Gm49339",NA,1.33116666666667,0.000484498059064878,"Predicted gene, 49339"
"ENSMUSG00000026177","Slc11a1","18173",1.32749833333333,0.000546457449915636,"Solute carrier family 11 (proton-coupled divalent metal ion transporters), member 1"
"ENSMUSG00000037921","Ddx60","234311",1.32401333333333,6.93487734750649e-05,"DExD/H box helicase 60"
"ENSMUSG00000035208","Slfn8","276950",1.30654166666667,0.000235030334495661,"Schlafen 8"
"ENSMUSG00000067149","Jchain","16069",1.29776166666667,0.0188199787511601,"Immunoglobulin joining chain"
"ENSMUSG00000036908","Unc93b1","54445",1.29004166666667,0.000161468814752057,"Unc-93 homolog B1, TLR signaling regulator"
"ENSMUSG00000024696","Lpxn","107321",1.28480333333333,0.000528085178135644,"Leupaxin"
"ENSMUSG00000079017","Ifi27l2a","76933",1.27968833333334,0.000292601917882319,"Interferon, alpha-inducible protein 27 like 2A"
"ENSMUSG00000033355","Rtp4","67775",1.270355,0.000469631952648891,"Receptor transporter protein 4"
"ENSMUSG00000032089","Il10ra","16154",1.26977166666667,0.000187980927587764,"Interleukin 10 receptor, alpha"
"ENSMUSG00000013584","Aldh1a2","19378",1.26798666666667,0.00283742755465103,"Aldehyde dehydrogenase family 1, subfamily A2"
"ENSMUSG00000026581","Sell","20343",1.267105,0.00150385594220437,"Selectin, lymphocyte"
"ENSMUSG00000018920","Cxcl16","66102",1.26142,0.000540431674629438,"C-X-C motif chemokine ligand 16"
"ENSMUSG00000026656","Fcgr2b","14130",1.26115833333333,0.00053568770342347,"Fc receptor, IgG, low affinity IIb"
"ENSMUSG00000018774","Cd68","12514",1.26056333333333,0.000514693434291981,"CD68 antigen"
"ENSMUSG00000098112","Bin2","668218",1.25871333333333,0.000143101654883456,"Bridging integrator 2"
"ENSMUSG00000060802","B2m","12010",1.25805,1.5363127448019e-05,"Beta-2 microglobulin"
"ENSMUSG00000030560","Ctsc","13032",1.25755,0.000141319620391092,"Cathepsin C"
"ENSMUSG00000050370","Ch25h","12642",1.25497333333333,0.0148170915425003,"Cholesterol 25-hydroxylase"
"ENSMUSG00000024640","Psat1","107272",1.25080666666667,0.000661209854236456,"Phosphoserine aminotransferase 1"
"ENSMUSG00000026832","Cytip","227929",1.249975,0.00253310084459038,"Cytohesin 1 interacting protein"
"ENSMUSG00000051506","Wdfy4","545030",1.24515,0.000235030334495661,"WD repeat and FYVE domain containing 4"
"ENSMUSG00000035273","Hpse","15442",1.244425,0.00177315132674892,"Heparanase"
"ENSMUSG00000050921","P2ry10","78826",1.24432833333333,0.0013618071513303,"Purinergic receptor P2Y, G-protein coupled 10"
"ENSMUSG00000027639","Samhd1","56045",1.23967666666667,0.000184932067792926,"SAM domain and HD domain, 1"
"ENSMUSG00000034422","Parp14","547253",1.229525,0.000591557020265707,"Poly (ADP-ribose) polymerase family, member 14"
"ENSMUSG00000078780","Gm5150","381484",1.21873333333333,0.0024574794827277,"Predicted gene 5150"
"ENSMUSG00000024529","Lox","16948",1.21731,0.024833060656866,"Lysyl oxidase"
"ENSMUSG00000030142","Clec4e","56619",1.21726,0.00957739367164422,"C-type lectin domain family 4, member e"
"ENSMUSG00000030921","Trim30a","20128",1.21189,0.000557516179915536,"Tripartite motif-containing 30A"
"ENSMUSG00000033538","Casp4","12363",1.21077833333333,0.000374783198429238,"Caspase 4, apoptosis-related cysteine peptidase"
"ENSMUSG00000004266","Ptpn6","15170",1.21027333333333,0.000200413185022499,"Protein tyrosine phosphatase, non-receptor type 6"
"ENSMUSG00000020641","Rsad2","58185",1.208735,0.000393425233765148,"Radical S-adenosyl methionine domain containing 2"
"ENSMUSG00000030427","Lilra6","18726",1.20061833333333,0.000151195663590706,"Leukocyte immunoglobulin-like receptor, subfamily A (with TM domain), member 6"
"ENSMUSG00000069792","Wfdc17","100034251",1.19813833333333,0.00514194714746262,"WAP four-disulfide core domain 17"
"ENSMUSG00000025044","Msr1","20288",1.19591666666666,0.00134536932612977,"Macrophage scavenger receptor 1"
"ENSMUSG00000044583","Tlr7","170743",1.19561,0.00468169851307995,"Toll-like receptor 7"
"ENSMUSG00000001348","Acp5","11433",1.19491166666667,0.00213166823248292,"Acid phosphatase 5, tartrate resistant"
"ENSMUSG00000018654","Ikzf1","22778",1.19437166666666,0.000470070905876113,"IKAROS family zinc finger 1"
"ENSMUSG00000035373","Ccl7","20306",1.188355,0.00464220703616357,"C-C motif chemokine ligand 7"
"ENSMUSG00000053977","Cd8a","12525",1.18432,0.00911321105512325,"CD8 subunit alpha"
"ENSMUSG00000035004","Igsf6","80719",1.18410166666667,0.00291223271601366,"Immunoglobulin superfamily, member 6"
"ENSMUSG00000026068","Il18rap","16174",1.17442333333333,0.000772135988232258,"Interleukin 18 receptor accessory protein"
"ENSMUSG00000021091","Serpina3n","20716",1.17112833333333,0.0300034979293929,"Serine (or cysteine) peptidase inhibitor, clade A, member 3N"
"ENSMUSG00000050232","Cxcr3","12766",1.17061833333333,0.000770649395848554,"C-X-C motif chemokine receptor 3"
"ENSMUSG00000026628","Atf3","11910",1.16584666666667,0.027181417967657,"Activating transcription factor 3"
"ENSMUSG00000023913","Pla2g7","27226",1.15757,0.00090539484403633,"Phospholipase A2, group VII (platelet-activating factor acetylhydrolase, plasma)"
"ENSMUSG00000038608","Dock10","210293",1.15391166666667,0.00111980050586111,"Dedicator of cytokinesis 10"
"ENSMUSG00000048865","Arhgap30","226652",1.14901833333333,0.000772135988232258,"Rho GTPase activating protein 30"
"ENSMUSG00000023349","Clec4n","56620",1.1445,0.000909706421781056,"C-type lectin domain family 4, member n"
"ENSMUSG00000064215","Ifi27","52668",1.13847166666667,0.000275437539099806,"Interferon, alpha-inducible protein 27"
"ENSMUSG00000057191","AB124611","382062",1.13835666666667,0.000986423674889262,"CDNA sequence AB124611"
"ENSMUSG00000030154","Klrb1f","232408",1.13629833333333,0.00137729557455073,"Killer cell lectin-like receptor subfamily B member 1F"
"ENSMUSG00000030830","Itgal","16408",1.12645166666667,0.000143998287968173,"Integrin alpha L"
"ENSMUSG00000046080","Clec9a","232414",1.12009333333333,0.00662194696630996,"C-type lectin domain family 9, member a"
"ENSMUSG00000108112","Gm45193",NA,1.11996666666667,0.00242890978823599,"Predicted gene 45193"
"ENSMUSG00000020437","Myo1g","246177",1.11985166666666,3.25123920623115e-05,"Myosin IG"
"ENSMUSG00000041515","Irf8","15900",1.11498166666667,0.000376635757523262,"Interferon regulatory factor 8"
"ENSMUSG00000029304","Spp1","20750",1.11398833333333,0.0142494093006584,"Secreted phosphoprotein 1"
"ENSMUSG00000042254","Cilp","214425",1.11375666666667,0.00802007053430727,"Cartilage intermediate layer protein, nucleotide pyrophosphohydrolase"
"ENSMUSG00000004707","Ly9","17085",1.11316166666667,0.000770258116214854,"Lymphocyte antigen 9"
"ENSMUSG00000043931","Gimap7","231932",1.11310666666667,0.00709370427766122,"GTPase, IMAP family member 7"
"ENSMUSG00000029915","Clec5a","23845",1.112515,0.00397114169340491,"C-type lectin domain family 5, member a"
"ENSMUSG00000057596","Trim30d","209387",1.11097,0.0146551306237347,"Tripartite motif-containing 30D"
"ENSMUSG00000002111","Spi1","20375",1.10187166666667,0.00132721591614184,"Spi-1 proto-oncogene"
"ENSMUSG00000022587","Ly6e","17069",1.09919333333333,6.21206090191521e-05,"Lymphocyte antigen 6 family member E"
"ENSMUSG00000029082","Bst1","12182",1.09865833333333,0.000838329605306301,"Bone marrow stromal cell antigen 1"
"ENSMUSG00000049988","Lrrc25","211228",1.098055,0.000393425233765148,"Leucine rich repeat containing 25"
"ENSMUSG00000083041","Gmfg-ps","100040018",1.09441333333333,0.000794388068950463,"Glia maturation factor, gamma, pseudogene"
"ENSMUSG00000049625","Tifab","212937",1.09260333333333,0.00071748856841816,"TRAF-interacting protein with forkhead-associated domain, family member B"
"ENSMUSG00000062939","Stat4","20849",1.09158666666667,0.00669220413901959,"Signal transducer and activator of transcription 4"
"ENSMUSG00000035385","Ccl2","20296",1.08426333333333,0.0151567426033642,"C-C motif chemokine ligand 2"
"ENSMUSG00000031389","Arhgap4","171207",1.083375,0.000195216938279286,"Rho GTPase activating protein 4"
"ENSMUSG00000060216","Arrb2","216869",1.08102,0.00107080910776352,"Arrestin, beta 2"
"ENSMUSG00000036905","C1qb","12260",1.079075,0.00023248465058264,"Complement component 1, q subcomponent, beta polypeptide"
"ENSMUSG00000037649","H2-DMa","14998",1.07794333333333,0.0014624522485724,"Histocompatibility 2, class II, locus DMa"
"ENSMUSG00000060063","Alox5ap","11690",1.07428666666667,0.00101523755384423,"Arachidonate 5-lipoxygenase activating protein"
"ENSMUSG00000040010","Slc7a5","20539",1.07402333333333,0.00210478463314762,"Solute carrier family 7 (cationic amino acid transporter, y+ system), member 5"
"ENSMUSG00000105504","Gbp5","229898",1.073385,0.0023150498401426,"Guanylate binding protein 5"
"ENSMUSG00000049502","Dtx3l","209200",1.072365,0.00131536205552554,"Deltex 3-like, E3 ubiquitin ligase"
"ENSMUSG00000031246","Sh3bgrl","56726",1.071385,0.00990612839096406,"SH3-binding domain glutamic acid-rich protein like"
"ENSMUSG00000021880","Rnase6","78416",1.06689,0.0021260163912444,"Ribonuclease, RNase A family, 6"
"ENSMUSG00000045322","Tlr9","81897",1.06431,0.00151104771690896,"Toll-like receptor 9"
"ENSMUSG00000022346","Myc","17869",1.06161,0.0108638078345499,"Myelocytomatosis oncogene"
"ENSMUSG00000023092","Fhl1","14199",1.060005,0.00311226356550248,"Four and a half LIM domains 1"
"ENSMUSG00000036896","C1qc","12262",1.05635833333333,0.000395874334990891,"Complement component 1, q subcomponent, C chain"
"ENSMUSG00000026896","Ifih1","71586",1.05492,0.000138535837088839,"Interferon induced with helicase C domain 1"
"ENSMUSG00000029561","Oasl2","23962",1.05433,0.000305231896591817,"2'-5' oligoadenylate synthetase-like 2"
"ENSMUSG00000036887","C1qa","12259",1.052015,0.000171163512937842,"Complement component 1, q subcomponent, alpha polypeptide"
"ENSMUSG00000017830","Dhx58","80861",1.04899,0.0032054115699344,"DExH-box helicase 58"
"ENSMUSG00000028599","Tnfrsf1b","21938",1.04803,0.00156631480529641,"Tumor necrosis factor receptor superfamily, member 1b"
"ENSMUSG00000034947","Tmem106a","217203",1.04365333333333,0.000818722550467173,"Transmembrane protein 106A"
"ENSMUSG00000021728","Emb","13723",1.042485,0.00156364909636837,"Embigin"
"ENSMUSG00000034641","Cd300ld","217305",1.04205333333333,0.00182784198106126,"CD300 molecule like family member d"
"ENSMUSG00000031838","Ifi30","65972",1.03615666666667,0.00052263984835414,"Interferon gamma inducible protein 30"
"ENSMUSG00000024737","Slc15a3","65221",1.03609833333333,0.000865838545851207,"Solute carrier family 15, member 3"
"ENSMUSG00000056529","Ptafr","19204",1.03031,0.000814037197798576,"Platelet-activating factor receptor"
"ENSMUSG00000018168","Ikzf3","22780",1.02640333333333,0.00150385594220437,"IKAROS family zinc finger 3"
"ENSMUSG00000023274","Cd4","12504",1.02596166666667,0.000590795848668856,"CD4 antigen"
"ENSMUSG00000022831","Hcls1","15163",1.02420333333333,0.000342811333729905,"Hematopoietic cell specific Lyn substrate 1"
"ENSMUSG00000001281","Itgb7","16421",1.02302833333333,0.00166722089350048,"Integrin beta 7"
"ENSMUSG00000032359","Ctsh","13036",1.02173833333333,0.000773848411502618,"Cathepsin H"
"ENSMUSG00000030220","Arhgdib","11857",1.02048666666667,4.92139739975738e-05,"Rho, GDP dissociation inhibitor beta"
"ENSMUSG00000027750","Postn","50706",1.02007333333333,0.000365631662253148,"Periostin, osteoblast specific factor"
"ENSMUSG00000062524","Ncr1","17086",1.01819,0.000348448694326589,"Natural cytotoxicity triggering receptor 1"
"ENSMUSG00000004552","Ctse","13034",1.01052666666667,0.000687827013906712,"Cathepsin E"
"ENSMUSG00000071203","Naip5","17951",1.00297333333333,0.00258303510524312,"NLR family, apoptosis inhibitory protein 5"
"ENSMUSG00000029298","Gbp9","236573",1.00030166666667,0.00252754816810747,"Guanylate-binding protein 9"
